Workbook

Sheet README
A1: Pokémon Emerald Imperium — Phase 4 Valuation
A3: Parse date | B3: 2026-09-01
A4: Run settings | B4: NORMAL difficulty; Minimal Grinding Mode OFF; level caps enforced; standard playthrough, no breeding (RUN_CONFIG.md)
A5: Damage engine | B5: RadicalRedShowdown/damage-calc @ 7f35400, @smogon/calc/adaptable, driven by a custom Imperium data layer
A6: Level cap ladder | B6: MEASURED from Boss_Battles.xlsx!Main rows 9-27, supplied 2026-09-01. Supersedes the earlier reconstruction, which was right on 18 of 19 caps (cp09 was interpolated at 53; it is 56).
A7: Generation pinned | B7: 9 — Inferred. Evidence: Tera Blast/Ivy Cudgel/Armor Cannon present; all 18 types carry both physical and special moves (per-move split)
A8: Engine verification | B8: 14/14 damage calcs match an independent hand implementation of the formula. Discrepancy rate 0.0%
A10: Source files | B10: rows
A11: 01_species.tsv (Phase 1) | B11: 1534
A12: 02_world.tsv (Phase 2) | B12: 419
A13: 03_trainers.tsv (Phase 3) | B13: 164
A14: 03_trainer_slots.tsv (Phase 3) | B14: 678
A15: imperium_layer.json | B15: 1,534 species / 937 moves / 18-type chart / 327 abilities
A17: Rows scored | B17: 42,026 = 1,311 obtainable forms x 19 checkpoints x {floor, ceiling}
A18: Scoring errors | B18: 0
A20: DATA INTEGRITY LOG | B20: see the Integrity sheet
A21: Colour key | B21: BLUE = hardcoded input you may change | BLACK = formula | GREEN = link to another sheet | YELLOW = key assumption

Sheet Assumptions
A1: COMPOSITE VALUE WEIGHTS — change these and the whole workbook recalculates
A2: Component | B2: Weight | C2: Why this weight
A3: w_offense | B3: 0.26 | C3: Computed from actual damage rolls; the most load-bearing axis
A4: w_defense | B4: 0.15 | C4: Single-hit survival, also from damage rolls
A5: w_sustain | B5: 0.16 | C5: Sweep depth on one lifebar with recovery, screens and hazard chip, minus the same species with no kit. 0.24 for defensive roles
A6: w_speed | B6: 0.12 | C6: Roster outsped. 0.04 for defensive roles, which do not want the stat
A7: w_utility | B7: 0.1 | C7: Breadth of non-damage tools; a cheaper measure, weighted lower
A8: w_typing | B8: 0.11 | C8: Resistance profile against THIS boss's actual attacking types
A9: w_niche | B9: 0.1 | C9: Best archetype fit, so a good specialist is not flattened by averaging
A10: SUM (must be 1.00) | B10: =SUM(B3:B9) -> 1
A11: w_sustain (defensive roles) | B11: 0.24 | C11: Walls, clerics, hazard setters and removers, pivots, tanks, trappers, status spreaders and screen setters use this instead of B5
A12: w_speed (defensive roles) | B12: 0.04 | C12: A wall paying 0.12 on a stat it does not want was a 12-point penalty for doing its job
A13: defensive SUM (must be 1.00) | B13: =B3+B4+B11+B12+B7+B8+B9 -> 1
A15: TIER THRESHOLDS on mean VORP (ceiling)
A16: Tier | B16: Min VORP | C16: Note
A17: S+ | B17: 0.274
A18: S | B18: 0.2085
A19: A | B19: 0.1538
A20: B | B20: 0.0991
A21: C | B21: 0.0555
A22: D | B22: -0.0102
A23: F | B23: -99
C24: Not curve-forced. If the hack genuinely has many S-tier options, that is the finding.
A26: INVESTMENT COST COMPONENTS
A27: Component | B27: Charge | C27: Why
A28: Non-neutral nature | B28: 1 | C28: Mint or breeding needed
A29: Held item required | B29: 1 | C29: Ceiling uses an item Phase 2 gates
A30: Ability differs from common | B30: 1 | C30: Ability Capsule / Patch
A31: Species needs an evolution item | B31: 1 | C31: From availability_basis
A32: Per gated TM used (cap 2.0) | B32: 0.5 | C32: TM competition and cost
A33: Any egg move used | B33: 2 | C33: RUN_CONFIG says breeding is NOT used in this run, so an egg-move ceiling is out of reach, not free
A34: Floor | B34: 0.5 | C34: So ROI never divides by zero
A36: EXCLUDED from cost | C36: EV-training time and breeding, per RUN_CONFIG: the eight unconfirmable fields were dropped in Phase 1. ROI here is therefore NOT comparable to a version of this analysis with a full cost model.

Sheet Checkpoints
A1: checkpoint | B1: checkpoint_label | C1: level_cap | D1: cap_basis | E1: roster_basis | F1: n_anchors | G1: n_roster_slots | H1: pool_size | I1: tms_available | J1: items_available | K1: anchor_trainers | M1: cap > previous?
A2: 1 | B2: 01_Pre-Roxanne | C2: 15 | D2: measured | E2: anchor_fight | F2: 1 | G2: 4 | H2: 423 | I2: 3 | J2: 1 | K2: Hoenn Leaders:ROXANNE:1
A3: 2 | B3: 02_Pre-Rustboro-Rival | C3: 20 | D3: measured | E3: anchor_fight | F3: 1 | G3: 30 | H3: 556 | I3: 7 | J3: 1 | K3: Rivals:DAWN:16 | M3: =IF(C3>C2,"ok","NOT MONOTONIC") -> ok
A4: 3 | B4: 03_Pre-Brawly | C4: 25 | D4: measured | E4: anchor_fight | F4: 1 | G4: 5 | H4: 705 | I4: 17 | J4: 1 | K4: Hoenn Leaders:BRAWLY:13 | M4: =IF(C4>C3,"ok","NOT MONOTONIC") -> ok
A5: 4 | B5: 04_Pre-Aqua-Museum | C5: 30 | D5: measured | E5: anchor_fight | F5: 2 | G5: 5 | H5: 869 | I5: 20 | J5: 1 | K5: Team Aqua:BACK TO BACK:24;Team Aqua:GRUNT1:24 | M5: =IF(C5>C4,"ok","NOT MONOTONIC") -> ok
A6: 5 | B6: 05_Pre-Route110-Rival | C6: 32 | D6: measured | E6: anchor_fight | F6: 1 | G6: 4 | H6: 883 | I6: 38 | J6: 1 | K6: Rivals:WALLY:99 | M6: =IF(C6>C5,"ok","NOT MONOTONIC") -> ok
A7: 6 | B7: 06_Pre-Wattson | C7: 34 | D7: measured | E7: anchor_fight | F7: 1 | G7: 5 | H7: 964 | I7: 74 | J7: 3 | K7: Hoenn Leaders:WATTSON:26 | M7: =IF(C7>C6,"ok","NOT MONOTONIC") -> ok
A8: 7 | B8: 07_Pre-MtChimney-Magma | C8: 44 | D8: measured | E8: anchor_fight | F8: 1 | G8: 6 | H8: 1211 | I8: 90 | J8: 7 | K8: Team Magma:MAXIE:25 | M8: =IF(C8>C7,"ok","NOT MONOTONIC") -> ok
A9: 8 | B9: 08_Pre-Flannery | C9: 47 | D9: measured | E9: anchor_fight | F9: 1 | G9: 6 | H9: 1221 | I9: 101 | J9: 7 | K9: Hoenn Leaders:FLANNERY:39 | M9: =IF(C9>C8,"ok","NOT MONOTONIC") -> ok
A10: 9 | B10: 09_Pre-TrickHouse | C10: 56 | D10: measured | E10: trick_house_sheet_substituted | F10: 0 | G10: 46 | H10: 1257 | I10: 135 | J10: 7 | K10: NONE | M10: =IF(C10>C9,"ok","NOT MONOTONIC") -> ok
A11: 10 | B11: 10_Pre-Norman | C11: 59 | D11: measured | E11: anchor_fight | F11: 1 | G11: 6 | H11: 1259 | I11: 135 | J11: 7 | K11: Hoenn Leaders:NORMAN:51 | M11: =IF(C11>C10,"ok","NOT MONOTONIC") -> ok
A12: 11 | B12: 11_Pre-Route119-Rival | C12: 64 | D12: measured | E12: anchor_fight | F12: 2 | G12: 6 | H12: 1266 | I12: 145 | J12: 8 | K12: Team Aqua:GRUNT 2:37;Team Aqua:ADMIN MATT:37 | M12: =IF(C12>C11,"ok","NOT MONOTONIC") -> ok
A13: 12 | B13: 12_Pre-Winona | C13: 68 | D13: measured | E13: anchor_fight | F13: 1 | G13: 6 | H13: 1272 | I13: 149 | J13: 11 | K13: Hoenn Leaders:WINONA:63 | M13: =IF(C13>C12,"ok","NOT MONOTONIC") -> ok
A14: 13 | B14: 13_Pre-Dawn-Lilycove | C14: 71 | D14: measured | E14: anchor_fight | F14: 1 | G14: 6 | H14: 1302 | I14: 157 | J14: 13 | K14: Rivals:DAWN:171 | M14: =IF(C14>C13,"ok","NOT MONOTONIC") -> ok
... A20: 19 | B20: 19_Pre-Champion | C20: 85 | D20: measured | E20: anchor_fight | F20: 7 | G20: 36 | H20: 1311 | I20: 174 | J20: 14 | K20: Elite 4:ELITE FOUR SIDNEY:13;Elite 4:ELITE FOUR PHOEBE:38;Elite 4:ELITE FOUR GLACIA:63;Elite 4:ELITE FOUR DRAKE:1;Elite 4:ELITE FOUR CYNTHIA:88;Elite 4:CHAMPION WALLACE:101;Elite 4:CHAMPION STEVEN:101 | M20: =IF(C20>C19,"ok","NOT MONOTONIC") -> ok
A22: All 19 caps are MEASURED from Boss_Battles.xlsx!Main. The anchor_trainers column names the fight each checkpoint is scored against; cp09 Pre-Trick House has no single boss, so its threat pool is the 46 Trick House sheet slots.

Sheet Valuation
A1: Species form | B1: BST | C1: Tier (formula) | D1: Primary niche | E1: First cp | F1: Stat S | G1: Tool T | H1: Type Y | I1: Niche fit | J1: Floor value | K1: Ceiling value | L1: Invest cost | M1: VORP (formula) | N1: ROI (formula) | O1: # cps | P1: Can't miss | Q1: Confidence | R1: Offense | S1: Defense | T1: Speed (ceiling) | U1: Utility | V1: Typing | W1: Replacement | X1: Sustain (kit) | Y1: Niche fit (mean) | Z1: Composite (formula) | AA1: Def role?
A2: Toxapex | B2: 495 | C2: =IF(M2>=Assumptions!$B$17,"S+",IF(M2>=Assumptions!$B$18,"S",IF(M2>=Assumptions!$B$19,"A",IF(M2>=Assumptions!$B$20,"B",IF(M2>=Assumptions!$B$21,"C",IF(M2>=Assumptions!$B$22,"D","F")))))) -> S+ | D2: mixed_wall | E2: 7 | F2: 0.8394 | G2: 0.76 | H2: 0.5476 | I2: 0.7291 | J2: 0.4417 | K2: 0.6938 | L2: 5 | M2: =Z2-W2 -> 0.354956 | N2: =IFERROR((Z2-J2)/L2,"") -> 0.0504312 | O2: 13 | P2: =FALSE() -> FALSE | Q2: Inferred | R2: 0.7194 | S2: 0.6414 | T2: 0.068 | U2: 0.4556 | V2: 0.5126 | W2: 0.3389 | X2: 0.9744 | Y2: 0.7208 | Z2: =Assumptions!$B$3*R2+Assumptions!$B$4*S2+IF(AA2=1,Assumptions!$B$11,Assumptions!$B$5)*X2+IF(AA2=1,Assumptions!$B$12,Assumptions!$B$6)*T2+Assumptions!$B$7*U2+Assumptions!$B$8*V2+Assumptions!$B$9*Y2 -> 0.693856 | AA2: 1
A3: Orbeetle-Mega | B3: 595 | C3: =IF(M3>=Assumptions!$B$17,"S+",IF(M3>=Assumptions!$B$18,"S",IF(M3>=Assumptions!$B$19,"A",IF(M3>=Assumptions!$B$20,"B",IF(M3>=Assumptions!$B$21,"C",IF(M3>=Assumptions!$B$22,"D","F")))))) -> S+ | D3: mixed_wall | E3: 7 | F3: 0.7418 | G3: 0.76 | H3: 0.4077 | I3: 0.6668 | J3: 0.4052 | K3: 0.6593 | L3: 4 | M3: =Z3-W3 -> 0.32046 | N3: =IFERROR((Z3-J3)/L3,"") -> 0.06354 | O3: 13 | P3: =FALSE() -> FALSE | Q3: Inferred | R3: 0.7507 | S3: 0.6622 | T3: 0.2661 | U3: 0.4497 | V3: 0.4322 | W3: 0.3389 | X3: 0.8098 | Y3: 0.6734 | Z3: =Assumptions!$B$3*R3+Assumptions!$B$4*S3+IF(AA3=1,Assumptions!$B$11,Assumptions!$B$5)*X3+IF(AA3=1,Assumptions!$B$12,Assumptions!$B$6)*T3+Assumptions!$B$7*U3+Assumptions!$B$8*V3+Assumptions!$B$9*Y3 -> 0.65936 | AA3: 1
A4: Ho-Oh | B4: 680 | C4: =IF(M4>=Assumptions!$B$17,"S+",IF(M4>=Assumptions!$B$18,"S",IF(M4>=Assumptions!$B$19,"A",IF(M4>=Assumptions!$B$20,"B",IF(M4>=Assumptions!$B$21,"C",IF(M4>=Assumptions!$B$22,"D","F")))))) -> S+ | D4: hazard_remover | E4: 13 | F4: 0.7714 | G4: 0.85 | H4: 0.5188 | I4: 0.768 | J4: 0.5428 | K4: 0.7227 | L4: 5 | M4: =Z4-W4 -> 0.295434 | N4: =IFERROR((Z4-J4)/L4,"") -> 0.0359868 | O4: 7 | P4: =TRUE() -> TRUE | Q4: Inferred | R4: 0.8231 | S4: 0.7044 | T4: 0.123 | U4: 0.5385 | V4: 0.4622 | W4: 0.4273 | X4: 0.9074 | Y4: 0.7568 | Z4: =Assumptions!$B$3*R4+Assumptions!$B$4*S4+IF(AA4=1,Assumptions!$B$11,Assumptions!$B$5)*X4+IF(AA4=1,Assumptions!$B$12,Assumptions!$B$6)*T4+Assumptions!$B$7*U4+Assumptions!$B$8*V4+Assumptions!$B$9*Y4 -> 0.722734 | AA4: 1
A5: Bronzong | B5: 500 | C5: =IF(M5>=Assumptions!$B$17,"S+",IF(M5>=Assumptions!$B$18,"S",IF(M5>=Assumptions!$B$19,"A",IF(M5>=Assumptions!$B$20,"B",IF(M5>=Assumptions!$B$21,"C",IF(M5>=Assumptions!$B$22,"D","F")))))) -> S+ | D5: trapper | E5: 6 | F5: 0.83 | G5: 0.6 | H5: 0.75 | I5: 0.6714 | J5: 0.3731 | K5: 0.7195 | L5: 4 | M5: =Z5-W5 -> 0.295122 | N5: =IFERROR((Z5-J5)/L5,"") -> 0.0866055 | O5: 14 | P5: =FALSE() -> FALSE | Q5: Inferred | R5: 0.7916 | S5: 0.6978 | T5: 0.0455 | U5: 0.5604 | V5: 0.5174 | W5: 0.4244 | X5: 0.9623 | Y5: 0.6331 | Z5: =Assumptions!$B$3*R5+Assumptions!$B$4*S5+IF(AA5=1,Assumptions!$B$11,Assumptions!$B$5)*X5+IF(AA5=1,Assumptions!$B$12,Assumptions!$B$6)*T5+Assumptions!$B$7*U5+Assumptions!$B$8*V5+Assumptions!$B$9*Y5 -> 0.719522 | AA5: 1
A6: Uxie | B6: 580 | C6: =IF(M6>=Assumptions!$B$17,"S+",IF(M6>=Assumptions!$B$18,"S",IF(M6>=Assumptions!$B$19,"A",IF(M6>=Assumptions!$B$20,"B",IF(M6>=Assumptions!$B$21,"C",IF(M6>=Assumptions!$B$22,"D","F")))))) -> S+ | D6: status_spreader | E6: 13 | F6: 0.8758 | G6: 0.6 | H6: 0.75 | I6: 0.6796 | J6: 0.4075 | K6: 0.7182 | L6: 4 | M6: =Z6-W6 -> 0.29132 | N6: =IFERROR((Z6-J6)/L6,"") -> 0.07768 | O6: 7 | P6: =TRUE() -> TRUE | Q6: Inferred | R6: 0.7758 | S6: 0.7231 | T6: 0.254 | U6: 0.5385 | V6: 0.4923 | W6: 0.4269 | X6: 0.9246 | Y6: 0.6798 | Z6: =Assumptions!$B$3*R6+Assumptions!$B$4*S6+IF(AA6=1,Assumptions!$B$11,Assumptions!$B$5)*X6+IF(AA6=1,Assumptions!$B$12,Assumptions!$B$6)*T6+Assumptions!$B$7*U6+Assumptions!$B$8*V6+Assumptions!$B$9*Y6 -> 0.71822 | AA6: 1
A7: Zekrom | B7: 680 | C7: =IF(M7>=Assumptions!$B$17,"S+",IF(M7>=Assumptions!$B$18,"S",IF(M7>=Assumptions!$B$19,"A",IF(M7>=Assumptions!$B$20,"B",IF(M7>=Assumptions!$B$21,"C",IF(M7>=Assumptions!$B$22,"D","F")))))) -> S+ | D7: weather_terrain_setter | E7: 13 | F7: 0.7434 | G7: 0.6 | H7: 0.75 | I7: 0.6515 | J7: 0.4092 | K7: 0.6958 | L7: 4 | M7: =Z7-W7 -> 0.284623 | N7: =IFERROR((Z7-J7)/L7,"") -> 0.07165575 | O7: 7 | P7: =TRUE() -> TRUE | Q7: Inferred | R7: 0.9686 | S7: 0.6095 | T7: 0.3016 | U7: 0.6923 | V7: 0.498 | W7: 0.4112 | X7: 0.795 | Y7: 0.6516 | Z7: =Assumptions!$B$3*R7+Assumptions!$B$4*S7+IF(AA7=1,Assumptions!$B$11,Assumptions!$B$5)*X7+IF(AA7=1,Assumptions!$B$12,Assumptions!$B$6)*T7+Assumptions!$B$7*U7+Assumptions!$B$8*V7+Assumptions!$B$9*Y7 -> 0.695823 | AA7: 0
A8: Mesprit | B8: 580 | C8: =IF(M8>=Assumptions!$B$17,"S+",IF(M8>=Assumptions!$B$18,"S",IF(M8>=Assumptions!$B$19,"A",IF(M8>=Assumptions!$B$20,"B",IF(M8>=Assumptions!$B$21,"C",IF(M8>=Assumptions!$B$22,"D","F")))))) -> S+ | D8: status_spreader | E8: 13 | F8: 0.596 | G8: 0.6 | H8: 0.75 | I8: 0.6293 | J8: 0.3921 | K8: 0.7106 | L8: 4 | M8: =Z8-W8 -> 0.283676 | N8: =IFERROR((Z8-J8)/L8,"") -> 0.079619 | O8: 7 | P8: =TRUE() -> TRUE | Q8: Inferred | R8: 0.7842 | S8: 0.6569 | T8: 0.1429 | U8: 0.6154 | V8: 0.4923 | W8: 0.4269 | X8: 0.9325 | Y8: 0.6294 | Z8: =Assumptions!$B$3*R8+Assumptions!$B$4*S8+IF(AA8=1,Assumptions!$B$11,Assumptions!$B$5)*X8+IF(AA8=1,Assumptions!$B$12,Assumptions!$B$6)*T8+Assumptions!$B$7*U8+Assumptions!$B$8*V8+Assumptions!$B$9*Y8 -> 0.710576 | AA8: 1
A9: Glalie-Mega | B9: 580 | C9: =IF(M9>=Assumptions!$B$17,"S+",IF(M9>=Assumptions!$B$18,"S",IF(M9>=Assumptions!$B$19,"A",IF(M9>=Assumptions!$B$20,"B",IF(M9>=Assumptions!$B$21,"C",IF(M9>=Assumptions!$B$22,"D","F")))))) -> S+ | D9: suicide_lead | E9: 7 | F9: 0.7431 | G9: 0.6 | H9: 0.75 | I9: 0.6586 | J9: 0.3646 | K9: 0.6229 | L9: 4 | M9: =Z9-W9 -> 0.28019 | N9: =IFERROR((Z9-J9)/L9,"") -> 0.0645725 | O9: 13 | P9: =FALSE() -> FALSE | Q9: Inferred | R9: 0.9375 | S9: 0.4691 | T9: 0.2661 | U9: 0.5326 | V9: 0.3755 | W9: 0.3427 | X9: 0.7273 | Y9: 0.6591 | Z9: =Assumptions!$B$3*R9+Assumptions!$B$4*S9+IF(AA9=1,Assumptions!$B$11,Assumptions!$B$5)*X9+IF(AA9=1,Assumptions!$B$12,Assumptions!$B$6)*T9+Assumptions!$B$7*U9+Assumptions!$B$8*V9+Assumptions!$B$9*Y9 -> 0.62289 | AA9: 0
A10: Audino-Mega | B10: 545 | C10: =IF(M10>=Assumptions!$B$17,"S+",IF(M10>=Assumptions!$B$18,"S",IF(M10>=Assumptions!$B$19,"A",IF(M10>=Assumptions!$B$20,"B",IF(M10>=Assumptions!$B$21,"C",IF(M10>=Assumptions!$B$22,"D","F")))))) -> S+ | D10: cleric | E10: 7 | F10: 0.9481 | G10: 1 | H10: 0.5278 | I10: 0.8952 | J10: 0.5229 | K10: 0.7783 | L10: 6 | M10: =Z10-W10 -> 0.279831 | N10: =IFERROR((Z10-J10)/L10,"") -> 0.042571833 | O10: 13 | P10: =FALSE() -> FALSE | Q10: Inferred | R10: 0.8063 | S10: 0.7884 | T10: 0.1115 | U10: 0.645 | V10: 0.5253 | W10: 0.4985 | X10: 0.9815 | Y10: 0.8813 | Z10: =Assumptions!$B$3*R10+Assumptions!$B$4*S10+IF(AA10=1,Assumptions!$B$11,Assumptions!$B$5)*X10+IF(AA10=1,Assumptions!$B$12,Assumptions!$B$6)*T10+Assumptions!$B$7*U10+Assumptions!$B$8*V10+Assumptions!$B$9*Y10 -> 0.778331 | AA10: 1
A11: Ting-Lu | B11: 570 | C11: =IF(M11>=Assumptions!$B$17,"S+",IF(M11>=Assumptions!$B$18,"S",IF(M11>=Assumptions!$B$19,"A",IF(M11>=Assumptions!$B$20,"B",IF(M11>=Assumptions!$B$21,"C",IF(M11>=Assumptions!$B$22,"D","F")))))) -> S | D11: trapper | E11: 7 | F11: 0.893 | G11: 0.6 | H11: 0.75 | I11: 0.6827 | J11: 0.4006 | K11: 0.6785 | L11: 4 | M11: =Z11-W11 -> 0.272744 | N11: =IFERROR((Z11-J11)/L11,"") -> 0.069486 | O11: 13 | P11: =FALSE() -> FALSE | Q11: Inferred | R11: 0.7642 | S11: 0.778 | T11: 0.0618 | U11: 0.4556 | V11: 0.4394 | W11: 0.4058 | X11: 0.8269 | Y11: 0.6833 | Z11: =Assumptions!$B$3*R11+Assumptions!$B$4*S11+IF(AA11=1,Assumptions!$B$11,Assumptions!$B$5)*X11+IF(AA11=1,Assumptions!$B$12,Assumptions!$B$6)*T11+Assumptions!$B$7*U11+Assumptions!$B$8*V11+Assumptions!$B$9*Y11 -> 0.678544 | AA11: 1
A12: Lugia | B12: 680 | C12: =IF(M12>=Assumptions!$B$17,"S+",IF(M12>=Assumptions!$B$18,"S",IF(M12>=Assumptions!$B$19,"A",IF(M12>=Assumptions!$B$20,"B",IF(M12>=Assumptions!$B$21,"C",IF(M12>=Assumptions!$B$22,"D","F")))))) -> S | D12: special_wall | E12: 13 | F12: 0.9471 | G12: 0.64 | H12: 0.4692 | I12: 0.6833 | J12: 0.4255 | K12: 0.7291 | L12: 5 | M12: =Z12-W12 -> 0.265911 | N12: =IFERROR((Z12-J12)/L12,"") -> 0.0607222 | O12: 7 | P12: =TRUE() -> TRUE | Q12: Inferred | R12: 0.814 | S12: 0.9949 | T12: 0.4524 | U12: 0.5385 | V12: 0.4728 | W12: 0.4632 | X12: 0.7328 | Y12: 0.6841 | Z12: =Assumptions!$B$3*R12+Assumptions!$B$4*S12+IF(AA12=1,Assumptions!$B$11,Assumptions!$B$5)*X12+IF(AA12=1,Assumptions!$B$12,Assumptions!$B$6)*T12+Assumptions!$B$7*U12+Assumptions!$B$8*V12+Assumptions!$B$9*Y12 -> 0.729111 | AA12: 1
A13: Tapu Fini-Tapu-Fini | B13: 570 | C13: =IF(M13>=Assumptions!$B$17,"S+",IF(M13>=Assumptions!$B$18,"S",IF(M13>=Assumptions!$B$19,"A",IF(M13>=Assumptions!$B$20,"B",IF(M13>=Assumptions!$B$21,"C",IF(M13>=Assumptions!$B$22,"D","F")))))) -> S | D13: hazard_remover | E13: 13 | F13: 0.805 | G13: 0.6 | H13: 0.5972 | I13: 0.6404 | J13: 0.3859 | K13: 0.6771 | L13: 4 | M13: =Z13-W13 -> 0.26174 | N13: =IFERROR((Z13-J13)/L13,"") -> 0.072785 | O13: 7 | P13: =TRUE() -> TRUE | Q13: Inferred | R13: 0.8321 | S13: 0.7057 | T13: 0.1984 | U13: 0.6923 | V13: 0.5527 | W13: 0.4153 | X13: 0.8584 | Y13: 0.6366 | Z13: =Assumptions!$B$3*R13+Assumptions!$B$4*S13+IF(AA13=1,Assumptions!$B$11,Assumptions!$B$5)*X13+IF(AA13=1,Assumptions!$B$12,Assumptions!$B$6)*T13+Assumptions!$B$7*U13+Assumptions!$B$8*V13+Assumptions!$B$9*Y13 -> 0.67704 | AA13: 0
A14: Archaludon | B14: 600 | C14: =IF(M14>=Assumptions!$B$17,"S+",IF(M14>=Assumptions!$B$18,"S",IF(M14>=Assumptions!$B$19,"A",IF(M14>=Assumptions!$B$20,"B",IF(M14>=Assumptions!$B$21,"C",IF(M14>=Assumptions!$B$22,"D","F")))))) -> S | D14: hazard_setter | E14: 9 | F14: 0.7476 | G14: 0.85 | H14: 0.75 | I14: 0.8116 | J14: 0.4028 | K14: 0.7239 | L14: 4 | M14: =Z14-W14 -> 0.261515 | N14: =IFERROR((Z14-J14)/L14,"") -> 0.08027875 | O14: 11 | P14: =FALSE() -> FALSE | Q14: Inferred | R14: 0.8709 | S14: 0.679 | T14: 0.1924 | U14: 0.3566 | V14: 0.5593 | W14: 0.4624 | X14: 0.9023 | Y14: 0.742 | Z14: =Assumptions!$B$3*R14+Assumptions!$B$4*S14+IF(AA14=1,Assumptions!$B$11,Assumptions!$B$5)*X14+IF(AA14=1,Assumptions!$B$12,Assumptions!$B$6)*T14+Assumptions!$B$7*U14+Assumptions!$B$8*V14+Assumptions!$B$9*Y14 -> 0.723915 | AA14: 1
A15: Volbeat | B15: 482 | C15: =IF(M15>=Assumptions!$B$17,"S+",IF(M15>=Assumptions!$B$18,"S",IF(M15>=Assumptions!$B$19,"A",IF(M15>=Assumptions!$B$20,"B",IF(M15>=Assumptions!$B$21,"C",IF(M15>=Assumptions!$B$22,"D","F")))))) -> S | D15: speed_control | E15: 2 | F15: 0.8128 | G15: 0.85 | H15: 0.75 | I15: 0.8244 | J15: 0.4693 | K15: 0.6591 | L15: 5.83 | M15: =Z15-W15 -> 0.260342 | N15: =IFERROR((Z15-J15)/L15,"") -> 0.03256295 | O15: 18 | P15: =FALSE() -> FALSE | Q15: Inferred | R15: 0.7236 | S15: 0.639 | T15: 0.4972 | U15: 0.5897 | V15: 0.509 | W15: 0.3988 | X15: 0.7372 | Y15: 0.8258 | Z15: =Assumptions!$B$3*R15+Assumptions!$B$4*S15+IF(AA15=1,Assumptions!$B$11,Assumptions!$B$5)*X15+IF(AA15=1,Assumptions!$B$12,Assumptions!$B$6)*T15+Assumptions!$B$7*U15+Assumptions!$B$8*V15+Assumptions!$B$9*Y15 -> 0.659142 | AA15: 0
A16: Aerodactyl-Mega | B16: 615 | C16: =IF(M16>=Assumptions!$B$17,"S+",IF(M16>=Assumptions!$B$18,"S",IF(M16>=Assumptions!$B$19,"A",IF(M16>=Assumptions!$B$20,"B",IF(M16>=Assumptions!$B$21,"C",IF(M16>=Assumptions!$B$22,"D","F")))))) -> S | D16: physical_sweeper | E16: 7 | F16: 0.9704 | G16: 0.4 | H16: 0.75 | I16: 0.6868 | J16: 0.4258 | K16: 0.7338 | L16: 6 | M16: =Z16-W16 -> 0.256898 | N16: =IFERROR((Z16-J16)/L16,"") -> 0.051333 | O16: 13 | P16: =FALSE() -> FALSE | Q16: Inferred | R16: 0.8962 | S16: 0.5394 | T16: 0.8624 | U16: 0.574 | V16: 0.4748 | W16: 0.4769 | X16: 0.8625 | Y16: 0.6876 | Z16: =Assumptions!$B$3*R16+Assumptions!$B$4*S16+IF(AA16=1,Assumptions!$B$11,Assumptions!$B$5)*X16+IF(AA16=1,Assumptions!$B$12,Assumptions!$B$6)*T16+Assumptions!$B$7*U16+Assumptions!$B$8*V16+Assumptions!$B$9*Y16 -> 0.733798 | AA16: 0
A17: Cresselia | B17: 600 | C17: =IF(M17>=Assumptions!$B$17,"S+",IF(M17>=Assumptions!$B$18,"S",IF(M17>=Assumptions!$B$19,"A",IF(M17>=Assumptions!$B$20,"B",IF(M17>=Assumptions!$B$21,"C",IF(M17>=Assumptions!$B$22,"D","F")))))) -> S | D17: weather_terrain_setter | E17: 9 | F17: 0.9133 | G17: 0.45 | H17: 0.75 | I17: 0.5795 | J17: 0.477 | K17: 0.711 | L17: 4 | M17: =Z17-W17 -> 0.25653 | N17: =IFERROR((Z17-J17)/L17,"") -> 0.0584825 | O17: 11 | P17: =TRUE() -> TRUE | Q17: Inferred | R17: 0.7976 | S17: 0.8181 | T17: 0.2497 | U17: 0.4335 | V17: 0.4787 | W17: 0.4544 | X17: 0.9071 | Y17: 0.5714 | Z17: =Assumptions!$B$3*R17+Assumptions!$B$4*S17+IF(AA17=1,Assumptions!$B$11,Assumptions!$B$5)*X17+IF(AA17=1,Assumptions!$B$12,Assumptions!$B$6)*T17+Assumptions!$B$7*U17+Assumptions!$B$8*V17+Assumptions!$B$9*Y17 -> 0.71093 | AA17: 1
A18: Gallade-Mega | B18: 618 | C18: =IF(M18>=Assumptions!$B$17,"S+",IF(M18>=Assumptions!$B$18,"S",IF(M18>=Assumptions!$B$19,"A",IF(M18>=Assumptions!$B$20,"B",IF(M18>=Assumptions!$B$21,"C",IF(M18>=Assumptions!$B$22,"D","F")))))) -> S | D18: physical_sweeper | E18: 7 | F18: 0.9484 | G18: 1 | H18: 0.75 | I18: 0.9304 | J18: 0.4351 | K18: 0.7331 | L18: 4 | M18: =Z18-W18 -> 0.256164 | N18: =IFERROR((Z18-J18)/L18,"") -> 0.074491 | O18: 13 | P18: =FALSE() -> FALSE | Q18: Inferred | R18: 0.9685 | S18: 0.6137 | T18: 0.422 | U18: 0.5799 | V18: 0.4771 | W18: 0.4769 | X18: 0.8438 | Y18: 0.9308 | Z18: =Assumptions!$B$3*R18+Assumptions!$B$4*S18+IF(AA18=1,Assumptions!$B$11,Assumptions!$B$5)*X18+IF(AA18=1,Assumptions!$B$12,Assumptions!$B$6)*T18+Assumptions!$B$7*U18+Assumptions!$B$8*V18+Assumptions!$B$9*Y18 -> 0.733064 | AA18: 0
A19: Suicune | B19: 580 | C19: =IF(M19>=Assumptions!$B$17,"S+",IF(M19>=Assumptions!$B$18,"S",IF(M19>=Assumptions!$B$19,"A",IF(M19>=Assumptions!$B$20,"B",IF(M19>=Assumptions!$B$21,"C",IF(M19>=Assumptions!$B$22,"D","F")))))) -> S | D19: weather_terrain_setter | E19: 9 | F19: 0.8469 | G19: 0.45 | H19: 0.75 | I19: 0.5695 | J19: 0.3732 | K19: 0.6514 | L19: 4 | M19: =Z19-W19 -> 0.253904 | N19: =IFERROR((Z19-J19)/L19,"") -> 0.069551 | O19: 11 | P19: =TRUE() -> TRUE | Q19: Inferred | R19: 0.8025 | S19: 0.7048 | T19: 0.285 | U19: 0.3846 | V19: 0.4998 | W19: 0.3975 | X19: 0.9526 | Y19: 0.5698 | Z19: =Assumptions!$B$3*R19+Assumptions!$B$4*S19+IF(AA19=1,Assumptions!$B$11,Assumptions!$B$5)*X19+IF(AA19=1,Assumptions!$B$12,Assumptions!$B$6)*T19+Assumptions!$B$7*U19+Assumptions!$B$8*V19+Assumptions!$B$9*Y19 -> 0.651404 | AA19: 0
A20: Shuckle | B20: 505 | C20: =IF(M20>=Assumptions!$B$17,"S+",IF(M20>=Assumptions!$B$18,"S",IF(M20>=Assumptions!$B$19,"A",IF(M20>=Assumptions!$B$20,"B",IF(M20>=Assumptions!$B$21,"C",IF(M20>=Assumptions!$B$22,"D","F")))))) -> S | D20: hazard_setter | E20: 2 | F20: 0.4454 | G20: 0.85 | H20: 0.75 | I20: 0.7572 | J20: 0.3613 | K20: 0.6942 | L20: 6.83 | M20: =Z20-W20 -> 0.246424 | N20: =IFERROR((Z20-J20)/L20,"") -> 0.048729722 | O20: 18 | P20: =FALSE() -> FALSE | Q20: Inferred | R20: 0.7255 | S20: 0.9009 | T20: 0 | U20: 0.312 | V20: 0.4445 | W20: 0.4477 | X20: 0.9191 | Y20: 0.6968 | Z20: =Assumptions!$B$3*R20+Assumptions!$B$4*S20+IF(AA20=1,Assumptions!$B$11,Assumptions!$B$5)*X20+IF(AA20=1,Assumptions!$B$12,Assumptions!$B$6)*T20+Assumptions!$B$7*U20+Assumptions!$B$8*V20+Assumptions!$B$9*Y20 -> 0.694124 | AA20: 1
A21: Tapu Koko-Tapu-Koko | B21: 570 | C21: =IF(M21>=Assumptions!$B$17,"S+",IF(M21>=Assumptions!$B$18,"S",IF(M21>=Assumptions!$B$19,"A",IF(M21>=Assumptions!$B$20,"B",IF(M21>=Assumptions!$B$21,"C",IF(M21>=Assumptions!$B$22,"D","F")))))) -> S | D21: physical_sweeper | E21: 13 | F21: 0.9134 | G21: 0.6 | H21: 0.75 | I21: 0.7491 | J21: 0.4304 | K21: 0.7119 | L21: 4 | M21: =Z21-W21 -> 0.243842 | N21: =IFERROR((Z21-J21)/L21,"") -> 0.0703605 | O21: 7 | P21: =TRUE() -> TRUE | Q21: Inferred | R21: 0.9028 | S21: 0.4497 | T21: 0.6905 | U21: 0.7692 | V21: 0.5553 | W21: 0.468 | X21: 0.7116 | Y21: 0.7494 | Z21: =Assumptions!$B$3*R21+Assumptions!$B$4*S21+IF(AA21=1,Assumptions!$B$11,Assumptions!$B$5)*X21+IF(AA21=1,Assumptions!$B$12,Assumptions!$B$6)*T21+Assumptions!$B$7*U21+Assumptions!$B$8*V21+Assumptions!$B$9*Y21 -> 0.711842 | AA21: 0
A22: Mew | B22: 600 | C22: =IF(M22>=Assumptions!$B$17,"S+",IF(M22>=Assumptions!$B$18,"S",IF(M22>=Assumptions!$B$19,"A",IF(M22>=Assumptions!$B$20,"B",IF(M22>=Assumptions!$B$21,"C",IF(M22>=Assumptions!$B$22,"D","F")))))) -> S | D22: special_sweeper | E22: 9 | F22: 0.6992 | G22: 0.6 | H22: 0.75 | I22: 0.6677 | J22: 0.3341 | K22: 0.7288 | L22: 4 | M22: =Z22-W22 -> 0.24265 | N22: =IFERROR((Z22-J22)/L22,"") -> 0.0986625 | O22: 11 | P22: =TRUE() -> TRUE | Q22: Inferred | R22: 0.945 | S22: 0.6459 | T22: 0.3923 | U22: 0.7692 | V22: 0.4787 | W22: 0.4861 | X22: 0.8912 | Y22: 0.6692 | Z22: =Assumptions!$B$3*R22+Assumptions!$B$4*S22+IF(AA22=1,Assumptions!$B$11,Assumptions!$B$5)*X22+IF(AA22=1,Assumptions!$B$12,Assumptions!$B$6)*T22+Assumptions!$B$7*U22+Assumptions!$B$8*V22+Assumptions!$B$9*Y22 -> 0.72875 | AA22: 0
A23: Mewtwo | B23: 680 | C23: =IF(M23>=Assumptions!$B$17,"S+",IF(M23>=Assumptions!$B$18,"S",IF(M23>=Assumptions!$B$19,"A",IF(M23>=Assumptions!$B$20,"B",IF(M23>=Assumptions!$B$21,"C",IF(M23>=Assumptions!$B$22,"D","F")))))) -> S | D23: special_sweeper | E23: 13 | F23: 0.9431 | G23: 0.4 | H23: 0.75 | I23: 0.6764 | J23: 0.439 | K23: 0.7254 | L23: 4 | M23: =Z23-W23 -> 0.241686 | N23: =IFERROR((Z23-J23)/L23,"") -> 0.0715965 | O23: 7 | P23: =TRUE() -> TRUE | Q23: Inferred | R23: 0.9313 | S23: 0.6095 | T23: 0.6587 | U23: 0.5385 | V23: 0.4923 | W23: 0.4837 | X23: 0.8571 | Y23: 0.6764 | Z23: =Assumptions!$B$3*R23+Assumptions!$B$4*S23+IF(AA23=1,Assumptions!$B$11,Assumptions!$B$5)*X23+IF(AA23=1,Assumptions!$B$12,Assumptions!$B$6)*T23+Assumptions!$B$7*U23+Assumptions!$B$8*V23+Assumptions!$B$9*Y23 -> 0.725386 | AA23: 0
A24: Slowking | B24: 490 | C24: =IF(M24>=Assumptions!$B$17,"S+",IF(M24>=Assumptions!$B$18,"S",IF(M24>=Assumptions!$B$19,"A",IF(M24>=Assumptions!$B$20,"B",IF(M24>=Assumptions!$B$21,"C",IF(M24>=Assumptions!$B$22,"D","F")))))) -> S | D24: bulky_pivot | E24: 1 | F24: 0.8326 | G24: 0.85 | H24: 0.5198 | I24: 0.7796 | J24: 0.4984 | K24: 0.7135 | L24: 4.68 | M24: =Z24-W24 -> 0.241061 | N24: =IFERROR((Z24-J24)/L24,"") -> 0.045953205 | O24: 19 | P24: =FALSE() -> FALSE | Q24: Unresolved | R24: 0.8124 | S24: 0.6604 | T24: 0.1121 | U24: 0.4899 | V24: 0.4627 | W24: 0.4724 | X24: 0.9234 | Y24: 0.7719 | Z24: =Assumptions!$B$3*R24+Assumptions!$B$4*S24+IF(AA24=1,Assumptions!$B$11,Assumptions!$B$5)*X24+IF(AA24=1,Assumptions!$B$12,Assumptions!$B$6)*T24+Assumptions!$B$7*U24+Assumptions!$B$8*V24+Assumptions!$B$9*Y24 -> 0.713461 | AA24: 1
A25: Regieleki | B25: 580 | C25: =IF(M25>=Assumptions!$B$17,"S+",IF(M25>=Assumptions!$B$18,"S",IF(M25>=Assumptions!$B$19,"A",IF(M25>=Assumptions!$B$20,"B",IF(M25>=Assumptions!$B$21,"C",IF(M25>=Assumptions!$B$22,"D","F")))))) -> S | D25: revenge_killer | E25: 13 | F25: 0.9073 | G25: 0.4 | H25: 0.75 | I25: 0.6222 | J25: 0.4947 | K25: 0.7018 | L25: 4 | M25: =Z25-W25 -> 0.240491 | N25: =IFERROR((Z25-J25)/L25,"") -> 0.05177275 | O25: 7 | P25: =TRUE() -> TRUE | Q25: Inferred | R25: 0.8881 | S25: 0.4152 | T25: 0.9722 | U25: 0.6154 | V25: 0.5127 | W25: 0.4613 | X25: 0.6984 | Y25: 0.6226 | Z25: =Assumptions!$B$3*R25+Assumptions!$B$4*S25+IF(AA25=1,Assumptions!$B$11,Assumptions!$B$5)*X25+IF(AA25=1,Assumptions!$B$12,Assumptions!$B$6)*T25+Assumptions!$B$7*U25+Assumptions!$B$8*V25+Assumptions!$B$9*Y25 -> 0.701791 | AA25: 0
A26: Clefable | B26: 483 | C26: =IF(M26>=Assumptions!$B$17,"S+",IF(M26>=Assumptions!$B$18,"S",IF(M26>=Assumptions!$B$19,"A",IF(M26>=Assumptions!$B$20,"B",IF(M26>=Assumptions!$B$21,"C",IF(M26>=Assumptions!$B$22,"D","F")))))) -> S | D26: special_wall | E26: 6 | F26: 0.8682 | G26: 0.88 | H26: 0.5298 | I26: 0.7891 | J26: 0.3321 | K26: 0.7261 | L26: 6 | M26: =Z26-W26 -> 0.238357 | N26: =IFERROR((Z26-J26)/L26,"") -> 0.065676167 | O26: 14 | P26: =FALSE() -> FALSE | Q26: Inferred | R26: 0.7557 | S26: 0.6939 | T26: 0.1069 | U26: 0.533 | V26: 0.534 | W26: 0.4878 | X26: 0.9701 | Y26: 0.7645 | Z26: =Assumptions!$B$3*R26+Assumptions!$B$4*S26+IF(AA26=1,Assumptions!$B$11,Assumptions!$B$5)*X26+IF(AA26=1,Assumptions!$B$12,Assumptions!$B$6)*T26+Assumptions!$B$7*U26+Assumptions!$B$8*V26+Assumptions!$B$9*Y26 -> 0.726157 | AA26: 1
A27: Regirock | B27: 580 | C27: =IF(M27>=Assumptions!$B$17,"S+",IF(M27>=Assumptions!$B$18,"S",IF(M27>=Assumptions!$B$19,"A",IF(M27>=Assumptions!$B$20,"B",IF(M27>=Assumptions!$B$21,"C",IF(M27>=Assumptions!$B$22,"D","F")))))) -> S | D27: physical_wall | E27: 13 | F27: 0.9818 | G27: 0.76 | H27: 0.3889 | I27: 0.7293 | J27: 0.3692 | K27: 0.6573 | L27: 5 | M27: =Z27-W27 -> 0.238098 | N27: =IFERROR((Z27-J27)/L27,"") -> 0.0576196 | O27: 7 | P27: =TRUE() -> TRUE | Q27: Inferred | R27: 0.7732 | S27: 0.7773 | T27: 0.0318 | U27: 0.4615 | V27: 0.3915 | W27: 0.4192 | X27: 0.7341 | Y27: 0.73 | Z27: =Assumptions!$B$3*R27+Assumptions!$B$4*S27+IF(AA27=1,Assumptions!$B$11,Assumptions!$B$5)*X27+IF(AA27=1,Assumptions!$B$12,Assumptions!$B$6)*T27+Assumptions!$B$7*U27+Assumptions!$B$8*V27+Assumptions!$B$9*Y27 -> 0.657298 | AA27: 1
A28: Registeel | B28: 580 | C28: =IF(M28>=Assumptions!$B$17,"S+",IF(M28>=Assumptions!$B$18,"S",IF(M28>=Assumptions!$B$19,"A",IF(M28>=Assumptions!$B$20,"B",IF(M28>=Assumptions!$B$21,"C",IF(M28>=Assumptions!$B$22,"D","F")))))) -> S | D28: tank | E28: 13 | F28: 0.8122 | G28: 0.45 | H28: 0.5198 | I28: 0.5907 | J28: 0.3829 | K28: 0.6366 | L28: 4 | M28: =Z28-W28 -> 0.238095 | N28: =IFERROR((Z28-J28)/L28,"") -> 0.06342375 | O28: 7 | P28: =TRUE() -> TRUE | Q28: Inferred | R28: 0.7684 | S28: 0.7473 | T28: 0.0437 | U28: 0.3846 | V28: 0.5242 | W28: 0.3985 | X28: 0.6984 | Y28: 0.5923 | Z28: =Assumptions!$B$3*R28+Assumptions!$B$4*S28+IF(AA28=1,Assumptions!$B$11,Assumptions!$B$5)*X28+IF(AA28=1,Assumptions!$B$12,Assumptions!$B$6)*T28+Assumptions!$B$7*U28+Assumptions!$B$8*V28+Assumptions!$B$9*Y28 -> 0.636595 | AA28: 1
A29: Jirachi | B29: 600 | C29: =IF(M29>=Assumptions!$B$17,"S+",IF(M29>=Assumptions!$B$18,"S",IF(M29>=Assumptions!$B$19,"A",IF(M29>=Assumptions!$B$20,"B",IF(M29>=Assumptions!$B$21,"C",IF(M29>=Assumptions!$B$22,"D","F")))))) -> S | D29: status_spreader | E29: 4 | F29: 0.7662 | G29: 0.6 | H29: 0.75 | I29: 0.6599 | J29: 0.4568 | K29: 0.6983 | L29: 3.94 | M29: =Z29-W29 -> 0.235734 | N29: =IFERROR((Z29-J29)/L29,"") -> 0.061303046 | O29: 16 | P29: =TRUE() -> TRUE | Q29: Inferred | R29: 0.7311 | S29: 0.7185 | T29: 0.3995 | U29: 0.5962 | V29: 0.5169 | W29: 0.4626 | X29: 0.8571 | Y29: 0.6231 | Z29: =Assumptions!$B$3*R29+Assumptions!$B$4*S29+IF(AA29=1,Assumptions!$B$11,Assumptions!$B$5)*X29+IF(AA29=1,Assumptions!$B$12,Assumptions!$B$6)*T29+Assumptions!$B$7*U29+Assumptions!$B$8*V29+Assumptions!$B$9*Y29 -> 0.698334 | AA29: 1
A30: Claydol | B30: 510 | C30: =IF(M30>=Assumptions!$B$17,"S+",IF(M30>=Assumptions!$B$18,"S",IF(M30>=Assumptions!$B$19,"A",IF(M30>=Assumptions!$B$20,"B",IF(M30>=Assumptions!$B$21,"C",IF(M30>=Assumptions!$B$22,"D","F")))))) -> S | D30: status_spreader | E30: 7 | F30: 0.7546 | G30: 0.6 | H30: 0.75 | I30: 0.6578 | J30: 0.4255 | K30: 0.6783 | L30: 4 | M30: =Z30-W30 -> 0.235256 | N30: =IFERROR((Z30-J30)/L30,"") -> 0.063214 | O30: 13 | P30: =FALSE() -> FALSE | Q30: Inferred | R30: 0.7165 | S30: 0.6196 | T30: 0.1243 | U30: 0.574 | V30: 0.4424 | W30: 0.4431 | X30: 0.938 | Y30: 0.6297 | Z30: =Assumptions!$B$3*R30+Assumptions!$B$4*S30+IF(AA30=1,Assumptions!$B$11,Assumptions!$B$5)*X30+IF(AA30=1,Assumptions!$B$12,Assumptions!$B$6)*T30+Assumptions!$B$7*U30+Assumptions!$B$8*V30+Assumptions!$B$9*Y30 -> 0.678356 | AA30: 1
A31: Aggron-Mega | B31: 630 | C31: =IF(M31>=Assumptions!$B$17,"S+",IF(M31>=Assumptions!$B$18,"S",IF(M31>=Assumptions!$B$19,"A",IF(M31>=Assumptions!$B$20,"B",IF(M31>=Assumptions!$B$21,"C",IF(M31>=Assumptions!$B$22,"D","F")))))) -> S | D31: physical_wall | E31: 7 | F31: 0.98 | G31: 0.76 | H31: 0.5198 | I31: 0.7616 | J31: 0.3884 | K31: 0.65 | L31: 4 | M31: =Z31-W31 -> 0.234897 | N31: =IFERROR((Z31-J31)/L31,"") -> 0.06539925 | O31: 13 | P31: =FALSE() -> FALSE | Q31: Inferred | R31: 0.8353 | S31: 0.7437 | T31: 0.0901 | U31: 0.3432 | V31: 0.5112 | W31: 0.4151 | X31: 0.6407 | Y31: 0.7334 | Z31: =Assumptions!$B$3*R31+Assumptions!$B$4*S31+IF(AA31=1,Assumptions!$B$11,Assumptions!$B$5)*X31+IF(AA31=1,Assumptions!$B$12,Assumptions!$B$6)*T31+Assumptions!$B$7*U31+Assumptions!$B$8*V31+Assumptions!$B$9*Y31 -> 0.649997 | AA31: 1
A32: Slowbro-Mega | B32: 590 | C32: =IF(M32>=Assumptions!$B$17,"S+",IF(M32>=Assumptions!$B$18,"S",IF(M32>=Assumptions!$B$19,"A",IF(M32>=Assumptions!$B$20,"B",IF(M32>=Assumptions!$B$21,"C",IF(M32>=Assumptions!$B$22,"D","F")))))) -> S | D32: bulky_pivot | E32: 7 | F32: 0.863 | G32: 0.85 | H32: 0.5198 | I32: 0.7872 | J32: 0.5191 | K32: 0.7276 | L32: 4 | M32: =Z32-W32 -> 0.233311 | N32: =IFERROR((Z32-J32)/L32,"") -> 0.05212775 | O32: 13 | P32: =FALSE() -> FALSE | Q32: Inferred | R32: 0.8794 | S32: 0.6709 | T32: 0.0516 | U32: 0.5326 | V32: 0.4738 | W32: 0.4943 | X32: 0.8875 | Y32: 0.7789 | Z32: =Assumptions!$B$3*R32+Assumptions!$B$4*S32+IF(AA32=1,Assumptions!$B$11,Assumptions!$B$5)*X32+IF(AA32=1,Assumptions!$B$12,Assumptions!$B$6)*T32+Assumptions!$B$7*U32+Assumptions!$B$8*V32+Assumptions!$B$9*Y32 -> 0.727611 | AA32: 1
A33: Overqwil | B33: 530 | C33: =IF(M33>=Assumptions!$B$17,"S+",IF(M33>=Assumptions!$B$18,"S",IF(M33>=Assumptions!$B$19,"A",IF(M33>=Assumptions!$B$20,"B",IF(M33>=Assumptions!$B$21,"C",IF(M33>=Assumptions!$B$22,"D","F")))))) -> S | D33: physical_wall | E33: 4 | F33: 0.832 | G33: 0.88 | H33: 0.5615 | I33: 0.7869 | J33: 0.4152 | K33: 0.6681 | L33: 4.88 | M33: =Z33-W33 -> 0.232414 | N33: =IFERROR((Z33-J33)/L33,"") -> 0.051826639 | O33: 16 | P33: =FALSE() -> FALSE | Q33: Inferred | R33: 0.8021 | S33: 0.7569 | T33: 0.3052 | U33: 0.423 | V33: 0.5487 | W33: 0.4357 | X33: 0.6487 | Y33: 0.7548 | Z33: =Assumptions!$B$3*R33+Assumptions!$B$4*S33+IF(AA33=1,Assumptions!$B$11,Assumptions!$B$5)*X33+IF(AA33=1,Assumptions!$B$12,Assumptions!$B$6)*T33+Assumptions!$B$7*U33+Assumptions!$B$8*V33+Assumptions!$B$9*Y33 -> 0.668114 | AA33: 1
A34: Audino | B34: 445 | C34: =IF(M34>=Assumptions!$B$17,"S+",IF(M34>=Assumptions!$B$18,"S",IF(M34>=Assumptions!$B$19,"A",IF(M34>=Assumptions!$B$20,"B",IF(M34>=Assumptions!$B$21,"C",IF(M34>=Assumptions!$B$22,"D","F")))))) -> S | D34: cleric | E34: 3 | F34: 0.8748 | G34: 1 | H34: 0.4762 | I34: 0.8702 | J34: 0.4269 | K34: 0.7252 | L34: 5.88 | M34: =Z34-W34 -> 0.23182 | N34: =IFERROR((Z34-J34)/L34,"") -> 0.050734694 | O34: 17 | P34: =FALSE() -> FALSE | Q34: Inferred | R34: 0.7276 | S34: 0.6852 | T34: 0.147 | U34: 0.6063 | V34: 0.4584 | W34: 0.4934 | X34: 0.969 | Y34: 0.8377 | Z34: =Assumptions!$B$3*R34+Assumptions!$B$4*S34+IF(AA34=1,Assumptions!$B$11,Assumptions!$B$5)*X34+IF(AA34=1,Assumptions!$B$12,Assumptions!$B$6)*T34+Assumptions!$B$7*U34+Assumptions!$B$8*V34+Assumptions!$B$9*Y34 -> 0.72522 | AA34: 1
A35: Tentacruel | B35: 530 | C35: =IF(M35>=Assumptions!$B$17,"S+",IF(M35>=Assumptions!$B$18,"S",IF(M35>=Assumptions!$B$19,"A",IF(M35>=Assumptions!$B$20,"B",IF(M35>=Assumptions!$B$21,"C",IF(M35>=Assumptions!$B$22,"D","F")))))) -> S | D35: status_spreader | E35: 2 | F35: 0.8281 | G35: 0.6 | H35: 0.75 | I35: 0.6711 | J35: 0.3925 | K35: 0.6659 | L35: 3.69 | M35: =Z35-W35 -> 0.23174 | N35: =IFERROR((Z35-J35)/L35,"") -> 0.074102981 | O35: 18 | P35: =FALSE() -> FALSE | Q35: Inferred | R35: 0.7381 | S35: 0.6758 | T35: 0.4829 | U35: 0.5855 | V35: 0.5152 | W35: 0.4342 | X35: 0.7284 | Y35: 0.6331 | Z35: =Assumptions!$B$3*R35+Assumptions!$B$4*S35+IF(AA35=1,Assumptions!$B$11,Assumptions!$B$5)*X35+IF(AA35=1,Assumptions!$B$12,Assumptions!$B$6)*T35+Assumptions!$B$7*U35+Assumptions!$B$8*V35+Assumptions!$B$9*Y35 -> 0.66594 | AA35: 1
A36: Forretress | B36: 465 | C36: =IF(M36>=Assumptions!$B$17,"S+",IF(M36>=Assumptions!$B$18,"S",IF(M36>=Assumptions!$B$19,"A",IF(M36>=Assumptions!$B$20,"B",IF(M36>=Assumptions!$B$21,"C",IF(M36>=Assumptions!$B$22,"D","F")))))) -> S | D36: hazard_setter | E36: 4 | F36: 0.7085 | G36: 0.85 | H36: 0.75 | I36: 0.8045 | J36: 0.4308 | K36: 0.6751 | L36: 3.94 | M36: =Z36-W36 -> 0.229246 | N36: =IFERROR((Z36-J36)/L36,"") -> 0.062016751 | O36: 16 | P36: =FALSE() -> FALSE | Q36: Inferred | R36: 0.8135 | S36: 0.6415 | T36: 0.0962 | U36: 0.6202 | V36: 0.5265 | W36: 0.4459 | X36: 0.6892 | Y36: 0.7822 | Z36: =Assumptions!$B$3*R36+Assumptions!$B$4*S36+IF(AA36=1,Assumptions!$B$11,Assumptions!$B$5)*X36+IF(AA36=1,Assumptions!$B$12,Assumptions!$B$6)*T36+Assumptions!$B$7*U36+Assumptions!$B$8*V36+Assumptions!$B$9*Y36 -> 0.675146 | AA36: 1
A37: Metagross-Mega | B37: 700 | C37: =IF(M37>=Assumptions!$B$17,"S+",IF(M37>=Assumptions!$B$18,"S",IF(M37>=Assumptions!$B$19,"A",IF(M37>=Assumptions!$B$20,"B",IF(M37>=Assumptions!$B$21,"C",IF(M37>=Assumptions!$B$22,"D","F")))))) -> S | D37: physical_wallbreaker | E37: 18 | F37: 0.8684 | G37: 0.6 | H37: 0.75 | I37: 0.7159 | J37: 0.4216 | K37: 0.7141 | L37: 4 | M37: =Z37-W37 -> 0.225588 | N37: =IFERROR((Z37-J37)/L37,"") -> 0.073122 | O37: 2 | P37: =FALSE() -> FALSE | Q37: Inferred | R37: 0.9284 | S37: 0.6862 | T37: 0.375 | U37: 0.5385 | V37: 0.546 | W37: 0.4885 | X37: 0.8704 | Y37: 0.716 | Z37: =Assumptions!$B$3*R37+Assumptions!$B$4*S37+IF(AA37=1,Assumptions!$B$11,Assumptions!$B$5)*X37+IF(AA37=1,Assumptions!$B$12,Assumptions!$B$6)*T37+Assumptions!$B$7*U37+Assumptions!$B$8*V37+Assumptions!$B$9*Y37 -> 0.714088 | AA37: 0
A38: Volcanion | B38: 600 | C38: =IF(M38>=Assumptions!$B$17,"S+",IF(M38>=Assumptions!$B$18,"S",IF(M38>=Assumptions!$B$19,"A",IF(M38>=Assumptions!$B$20,"B",IF(M38>=Assumptions!$B$21,"C",IF(M38>=Assumptions!$B$22,"D","F")))))) -> S | D38: hazard_remover | E38: 7 | F38: 0.6489 | G38: 0.85 | H38: 0.5427 | I38: 0.7483 | J38: 0.3999 | K38: 0.668 | L38: 4 | M38: =Z38-W38 -> 0.224605 | N38: =IFERROR((Z38-J38)/L38,"") -> 0.06702625 | O38: 13 | P38: =TRUE() -> TRUE | Q38: Inferred | R38: 0.8912 | S38: 0.7093 | T38: 0.1193 | U38: 0.3787 | V38: 0.4842 | W38: 0.4434 | X38: 0.6676 | Y38: 0.7377 | Z38: =Assumptions!$B$3*R38+Assumptions!$B$4*S38+IF(AA38=1,Assumptions!$B$11,Assumptions!$B$5)*X38+IF(AA38=1,Assumptions!$B$12,Assumptions!$B$6)*T38+Assumptions!$B$7*U38+Assumptions!$B$8*V38+Assumptions!$B$9*Y38 -> 0.668005 | AA38: 1
A39: Vaporeon | B39: 525 | C39: =IF(M39>=Assumptions!$B$17,"S+",IF(M39>=Assumptions!$B$18,"S",IF(M39>=Assumptions!$B$19,"A",IF(M39>=Assumptions!$B$20,"B",IF(M39>=Assumptions!$B$21,"C",IF(M39>=Assumptions!$B$22,"D","F")))))) -> S | D39: bulky_pivot | E39: 6 | F39: 0.7314 | G39: 0.85 | H39: 0.5476 | I39: 0.7599 | J39: 0.3594 | K39: 0.7128 | L39: 5 | M39: =Z39-W39 -> 0.222986 | N39: =IFERROR((Z39-J39)/L39,"") -> 0.0706772 | O39: 14 | P39: =FALSE() -> FALSE | Q39: Inferred | R39: 0.7524 | S39: 0.7045 | T39: 0.133 | U39: 0.5275 | V39: 0.4841 | W39: 0.4898 | X39: 0.9389 | Y39: 0.7483 | Z39: =Assumptions!$B$3*R39+Assumptions!$B$4*S39+IF(AA39=1,Assumptions!$B$11,Assumptions!$B$5)*X39+IF(AA39=1,Assumptions!$B$12,Assumptions!$B$6)*T39+Assumptions!$B$7*U39+Assumptions!$B$8*V39+Assumptions!$B$9*Y39 -> 0.712786 | AA39: 1
A40: Carbink | B40: 500 | C40: =IF(M40>=Assumptions!$B$17,"S+",IF(M40>=Assumptions!$B$18,"S",IF(M40>=Assumptions!$B$19,"A",IF(M40>=Assumptions!$B$20,"B",IF(M40>=Assumptions!$B$21,"C",IF(M40>=Assumptions!$B$22,"D","F")))))) -> S | D40: hazard_setter | E40: 4 | F40: 0.5282 | G40: 0.85 | H40: 0.75 | I40: 0.7721 | J40: 0.4397 | K40: 0.667 | L40: 3.88 | M40: =Z40-W40 -> 0.221094 | N40: =IFERROR((Z40-J40)/L40,"") -> 0.058580928 | O40: 16 | P40: =FALSE() -> FALSE | Q40: Inferred | R40: 0.7395 | S40: 0.6613 | T40: 0.1259 | U40: 0.423 | V40: 0.4407 | W40: 0.4459 | X40: 0.8534 | Y40: 0.749 | Z40: =Assumptions!$B$3*R40+Assumptions!$B$4*S40+IF(AA40=1,Assumptions!$B$11,Assumptions!$B$5)*X40+IF(AA40=1,Assumptions!$B$12,Assumptions!$B$6)*T40+Assumptions!$B$7*U40+Assumptions!$B$8*V40+Assumptions!$B$9*Y40 -> 0.666994 | AA40: 1
A41: Latias-Mega | B41: 700 | C41: =IF(M41>=Assumptions!$B$17,"S+",IF(M41>=Assumptions!$B$18,"S",IF(M41>=Assumptions!$B$19,"A",IF(M41>=Assumptions!$B$20,"B",IF(M41>=Assumptions!$B$21,"C",IF(M41>=Assumptions!$B$22,"D","F")))))) -> S | D41: special_sweeper | E41: 19 | F41: 0.8438 | G41: 0.4 | H41: 0.75 | I41: 0.6387 | J41: 0.417 | K41: 0.7055 | L41: 4 | M41: =Z41-W41 -> 0.221123 | N41: =IFERROR((Z41-J41)/L41,"") -> 0.07213075 | O41: 1 | P41: =FALSE() -> FALSE | Q41: Inferred | R41: 0.9309 | S41: 0.5768 | T41: 0.5833 | U41: 0.6154 | V41: 0.4385 | W41: 0.4844 | X41: 0.8333 | Y41: 0.6387 | Z41: =Assumptions!$B$3*R41+Assumptions!$B$4*S41+IF(AA41=1,Assumptions!$B$11,Assumptions!$B$5)*X41+IF(AA41=1,Assumptions!$B$12,Assumptions!$B$6)*T41+Assumptions!$B$7*U41+Assumptions!$B$8*V41+Assumptions!$B$9*Y41 -> 0.705523 | AA41: 0
A42: Dusknoir-Mega | B42: 625 | C42: =IF(M42>=Assumptions!$B$17,"S+",IF(M42>=Assumptions!$B$18,"S",IF(M42>=Assumptions!$B$19,"A",IF(M42>=Assumptions!$B$20,"B",IF(M42>=Assumptions!$B$21,"C",IF(M42>=Assumptions!$B$22,"D","F")))))) -> S | D42: revenge_killer | E42: 6 | F42: 0.3212 | G42: 1 | H42: 0.75 | I42: 0.7464 | J42: 0.4551 | K42: 0.6775 | L42: 4 | M42: =Z42-W42 -> 0.221025 | N42: =IFERROR((Z42-J42)/L42,"") -> 0.05560625 | O42: 14 | P42: =FALSE() -> FALSE | Q42: Inferred | R42: 0.8266 | S42: 0.9043 | T42: 0.1119 | U42: 0.4835 | V42: 0.6018 | W42: 0.4565 | X42: 0.7758 | Y42: 0.7486 | Z42: =Assumptions!$B$3*R42+Assumptions!$B$4*S42+IF(AA42=1,Assumptions!$B$11,Assumptions!$B$5)*X42+IF(AA42=1,Assumptions!$B$12,Assumptions!$B$6)*T42+Assumptions!$B$7*U42+Assumptions!$B$8*V42+Assumptions!$B$9*Y42 -> 0.677525 | AA42: 0
A43: Corviknight | B43: 495 | C43: =IF(M43>=Assumptions!$B$17,"S+",IF(M43>=Assumptions!$B$18,"S",IF(M43>=Assumptions!$B$19,"A",IF(M43>=Assumptions!$B$20,"B",IF(M43>=Assumptions!$B$21,"C",IF(M43>=Assumptions!$B$22,"D","F")))))) -> S | D43: hazard_remover | E43: 7 | F43: 0.8422 | G43: 0.6 | H43: 0.5942 | I43: 0.6473 | J43: 0.3611 | K43: 0.6643 | L43: 4 | M43: =Z43-W43 -> 0.220883 | N43: =IFERROR((Z43-J43)/L43,"") -> 0.07579575 | O43: 13 | P43: =FALSE() -> FALSE | Q43: Inferred | R43: 0.6959 | S43: 0.7009 | T43: 0.1614 | U43: 0.426 | V43: 0.5946 | W43: 0.4434 | X43: 0.8288 | Y43: 0.6484 | Z43: =Assumptions!$B$3*R43+Assumptions!$B$4*S43+IF(AA43=1,Assumptions!$B$11,Assumptions!$B$5)*X43+IF(AA43=1,Assumptions!$B$12,Assumptions!$B$6)*T43+Assumptions!$B$7*U43+Assumptions!$B$8*V43+Assumptions!$B$9*Y43 -> 0.664283 | AA43: 1
A44: Sandy Shocks | B44: 570 | C44: =IF(M44>=Assumptions!$B$17,"S+",IF(M44>=Assumptions!$B$18,"S",IF(M44>=Assumptions!$B$19,"A",IF(M44>=Assumptions!$B$20,"B",IF(M44>=Assumptions!$B$21,"C",IF(M44>=Assumptions!$B$22,"D","F")))))) -> S | D44: speed_control | E44: 1 | F44: 0.7698 | G44: 0.6 | H44: 0.75 | I44: 0.6555 | J44: 0.4304 | K44: 0.6354 | L44: 3.55 | M44: =Z44-W44 -> 0.214947 | N44: =IFERROR((Z44-J44)/L44,"") -> 0.057731549 | O44: 19 | P44: =FALSE() -> FALSE | Q44: Inferred | R44: 0.7613 | S44: 0.6646 | T44: 0.5122 | U44: 0.583 | V44: 0.4643 | W44: 0.4204 | X44: 0.6642 | Y44: 0.6061 | Z44: =Assumptions!$B$3*R44+Assumptions!$B$4*S44+IF(AA44=1,Assumptions!$B$11,Assumptions!$B$5)*X44+IF(AA44=1,Assumptions!$B$12,Assumptions!$B$6)*T44+Assumptions!$B$7*U44+Assumptions!$B$8*V44+Assumptions!$B$9*Y44 -> 0.635347 | AA44: 0
A45: Wyrdeer | B45: 525 | C45: =IF(M45>=Assumptions!$B$17,"S+",IF(M45>=Assumptions!$B$18,"S",IF(M45>=Assumptions!$B$19,"A",IF(M45>=Assumptions!$B$20,"B",IF(M45>=Assumptions!$B$21,"C",IF(M45>=Assumptions!$B$22,"D","F")))))) -> S | D45: special_wall | E45: 7 | F45: 0.8194 | G45: 0.76 | H45: 0.4901 | I45: 0.7091 | J45: 0.3404 | K45: 0.6994 | L45: 4 | M45: =Z45-W45 -> 0.214793 | N45: =IFERROR((Z45-J45)/L45,"") -> 0.08974825 | O45: 13 | P45: =FALSE() -> FALSE | Q45: Inferred | R45: 0.7471 | S45: 0.6861 | T45: 0.1048 | U45: 0.4911 | V45: 0.4798 | W45: 0.4846 | X45: 0.9423 | Y45: 0.7 | Z45: =Assumptions!$B$3*R45+Assumptions!$B$4*S45+IF(AA45=1,Assumptions!$B$11,Assumptions!$B$5)*X45+IF(AA45=1,Assumptions!$B$12,Assumptions!$B$6)*T45+Assumptions!$B$7*U45+Assumptions!$B$8*V45+Assumptions!$B$9*Y45 -> 0.699393 | AA45: 1
A46: Solgaleo | B46: 680 | C46: =IF(M46>=Assumptions!$B$17,"S+",IF(M46>=Assumptions!$B$18,"S",IF(M46>=Assumptions!$B$19,"A",IF(M46>=Assumptions!$B$20,"B",IF(M46>=Assumptions!$B$21,"C",IF(M46>=Assumptions!$B$22,"D","F")))))) -> S | D46: mixed_attacker | E46: 11 | F46: 0.8453 | G46: 0.4 | H46: 0.75 | I46: 0.6125 | J46: 0.4897 | K46: 0.6803 | L46: 4 | M46: =Z46-W46 -> 0.214308 | N46: =IFERROR((Z46-J46)/L46,"") -> 0.047652 | O46: 9 | P46: =FALSE() -> FALSE | Q46: Inferred | R46: 0.9343 | S46: 0.7202 | T46: 0.2994 | U46: 0.4273 | V46: 0.5374 | W46: 0.466 | X46: 0.8138 | Y46: 0.6138 | Z46: =Assumptions!$B$3*R46+Assumptions!$B$4*S46+IF(AA46=1,Assumptions!$B$11,Assumptions!$B$5)*X46+IF(AA46=1,Assumptions!$B$12,Assumptions!$B$6)*T46+Assumptions!$B$7*U46+Assumptions!$B$8*V46+Assumptions!$B$9*Y46 -> 0.680308 | AA46: 0
A47: Reuniclus | B47: 490 | C47: =IF(M47>=Assumptions!$B$17,"S+",IF(M47>=Assumptions!$B$18,"S",IF(M47>=Assumptions!$B$19,"A",IF(M47>=Assumptions!$B$20,"B",IF(M47>=Assumptions!$B$21,"C",IF(M47>=Assumptions!$B$22,"D","F")))))) -> S | D47: bulky_pivot | E47: 7 | F47: 0.7603 | G47: 0.85 | H47: 0.4722 | I47: 0.752 | J47: 0.5386 | K47: 0.71 | L47: 5 | M47: =Z47-W47 -> 0.213899 | N47: =IFERROR((Z47-J47)/L47,"") -> 0.0342798 | O47: 13 | P47: =FALSE() -> FALSE | Q47: Inferred | R47: 0.8024 | S47: 0.6652 | T47: 0.0473 | U47: 0.4911 | V47: 0.4757 | W47: 0.4961 | X47: 0.9314 | Y47: 0.7473 | Z47: =Assumptions!$B$3*R47+Assumptions!$B$4*S47+IF(AA47=1,Assumptions!$B$11,Assumptions!$B$5)*X47+IF(AA47=1,Assumptions!$B$12,Assumptions!$B$6)*T47+Assumptions!$B$7*U47+Assumptions!$B$8*V47+Assumptions!$B$9*Y47 -> 0.709999 | AA47: 1
A48: Ferrothorn | B48: 489 | C48: =IF(M48>=Assumptions!$B$17,"S+",IF(M48>=Assumptions!$B$18,"S",IF(M48>=Assumptions!$B$19,"A",IF(M48>=Assumptions!$B$20,"B",IF(M48>=Assumptions!$B$21,"C",IF(M48>=Assumptions!$B$22,"D","F")))))) -> S | D48: tank | E48: 7 | F48: 0.8135 | G48: 0.45 | H48: 0.4454 | I48: 0.5763 | J48: 0.3637 | K48: 0.6197 | L48: 4 | M48: =Z48-W48 -> 0.212471 | N48: =IFERROR((Z48-J48)/L48,"") -> 0.06399275 | O48: 13 | P48: =FALSE() -> FALSE | Q48: Inferred | R48: 0.8089 | S48: 0.6067 | T48: 0.0162 | U48: 0.4556 | V48: 0.4802 | W48: 0.4072 | X48: 0.6688 | Y48: 0.5881 | Z48: =Assumptions!$B$3*R48+Assumptions!$B$4*S48+IF(AA48=1,Assumptions!$B$11,Assumptions!$B$5)*X48+IF(AA48=1,Assumptions!$B$12,Assumptions!$B$6)*T48+Assumptions!$B$7*U48+Assumptions!$B$8*V48+Assumptions!$B$9*Y48 -> 0.619671 | AA48: 1
A49: Araquanid-Totem | B49: 454 | C49: =IF(M49>=Assumptions!$B$17,"S+",IF(M49>=Assumptions!$B$18,"S",IF(M49>=Assumptions!$B$19,"A",IF(M49>=Assumptions!$B$20,"B",IF(M49>=Assumptions!$B$21,"C",IF(M49>=Assumptions!$B$22,"D","F")))))) -> S | D49: trapper | E49: 1 | F49: 0.8443 | G49: 0.45 | H49: 0.75 | I49: 0.581 | J49: 0.3864 | K49: 0.6097 | L49: 3.63 | M49: =Z49-W49 -> 0.209906 | N49: =IFERROR((Z49-J49)/L49,"") -> 0.061516804 | O49: 19 | P49: =FALSE() -> FALSE | Q49: Unresolved | R49: 0.7011 | S49: 0.7638 | T49: 0.1291 | U49: 0.4089 | V49: 0.4878 | W49: 0.3998 | X49: 0.6652 | Y49: 0.5349 | Z49: =Assumptions!$B$3*R49+Assumptions!$B$4*S49+IF(AA49=1,Assumptions!$B$11,Assumptions!$B$5)*X49+IF(AA49=1,Assumptions!$B$12,Assumptions!$B$6)*T49+Assumptions!$B$7*U49+Assumptions!$B$8*V49+Assumptions!$B$9*Y49 -> 0.609706 | AA49: 1
A50: Snorlax | B50: 540 | C50: =IF(M50>=Assumptions!$B$17,"S+",IF(M50>=Assumptions!$B$18,"S",IF(M50>=Assumptions!$B$19,"A",IF(M50>=Assumptions!$B$20,"B",IF(M50>=Assumptions!$B$21,"C",IF(M50>=Assumptions!$B$22,"D","F")))))) -> A | D50: special_wall | E50: 4 | F50: 0.9959 | G50: 0.64 | H50: 0.4762 | I50: 0.6987 | J50: 0.5541 | K50: 0.7079 | L50: 6.88 | M50: =Z50-W50 -> 0.208311 | N50: =IFERROR((Z50-J50)/L50,"") -> 0.02235625 | O50: 16 | P50: =FALSE() -> FALSE | Q50: Inferred | R50: 0.8865 | S50: 0.7738 | T50: 0.0793 | U50: 0.4182 | V50: 0.4637 | W50: 0.4996 | X50: 0.8158 | Y50: 0.6956 | Z50: =Assumptions!$B$3*R50+Assumptions!$B$4*S50+IF(AA50=1,Assumptions!$B$11,Assumptions!$B$5)*X50+IF(AA50=1,Assumptions!$B$12,Assumptions!$B$6)*T50+Assumptions!$B$7*U50+Assumptions!$B$8*V50+Assumptions!$B$9*Y50 -> 0.707911 | AA50: 1
... A56: Klefki | B56: 470 | C56: =IF(M56>=Assumptions!$B$17,"S+",IF(M56>=Assumptions!$B$18,"S",IF(M56>=Assumptions!$B$19,"A",IF(M56>=Assumptions!$B$20,"B",IF(M56>=Assumptions!$B$21,"C",IF(M56>=Assumptions!$B$22,"D","F")))))) -> A | D56: status_spreader | E56: 4 | F56: 0.5954 | G56: 0.85 | H56: 0.75 | I56: 0.7842 | J56: 0.3718 | K56: 0.6299 | L56: 5.88 | M56: =Z56-W56 -> 0.205154 | N56: =IFERROR((Z56-J56)/L56,"") -> 0.043886735 | O56: 16 | P56: =FALSE() -> FALSE | Q56: Inferred | R56: 0.6247 | S56: 0.6287 | T56: 0.2656 | U56: 0.5289 | V56: 0.5989 | W56: 0.4247 | X56: 0.6991 | Y56: 0.7595 | Z56: =Assumptions!$B$3*R56+Assumptions!$B$4*S56+IF(AA56=1,Assumptions!$B$11,Assumptions!$B$5)*X56+IF(AA56=1,Assumptions!$B$12,Assumptions!$B$6)*T56+Assumptions!$B$7*U56+Assumptions!$B$8*V56+Assumptions!$B$9*Y56 -> 0.629854 | AA56: 1
A57: Raikou | B57: 580 | C57: =IF(M57>=Assumptions!$B$17,"S+",IF(M57>=Assumptions!$B$18,"S",IF(M57>=Assumptions!$B$19,"A",IF(M57>=Assumptions!$B$20,"B",IF(M57>=Assumptions!$B$21,"C",IF(M57>=Assumptions!$B$22,"D","F")))))) -> A | D57: special_sweeper | E57: 9 | F57: 0.8812 | G57: 0.6 | H57: 0.75 | I57: 0.7369 | J57: 0.4513 | K57: 0.6895 | L57: 4 | M57: =Z57-W57 -> 0.203364 | N57: =IFERROR((Z57-J57)/L57,"") -> 0.059541 | O57: 11 | P57: =TRUE() -> TRUE | Q57: Inferred | R57: 0.8769 | S57: 0.5879 | T57: 0.5318 | U57: 0.5385 | V57: 0.5049 | W57: 0.4861 | X57: 0.7895 | Y57: 0.7376 | Z57: =Assumptions!$B$3*R57+Assumptions!$B$4*S57+IF(AA57=1,Assumptions!$B$11,Assumptions!$B$5)*X57+IF(AA57=1,Assumptions!$B$12,Assumptions!$B$6)*T57+Assumptions!$B$7*U57+Assumptions!$B$8*V57+Assumptions!$B$9*Y57 -> 0.689464 | AA57: 0
A58: Lapras | B58: 535 | C58: =IF(M58>=Assumptions!$B$17,"S+",IF(M58>=Assumptions!$B$18,"S",IF(M58>=Assumptions!$B$19,"A",IF(M58>=Assumptions!$B$20,"B",IF(M58>=Assumptions!$B$21,"C",IF(M58>=Assumptions!$B$22,"D","F")))))) -> A | D58: tank | E58: 1 | F58: 0.7644 | G58: 0.6 | H58: 0.5179 | I58: 0.6411 | J58: 0.4481 | K58: 0.633 | L58: 5.66 | M58: =Z58-W58 -> 0.203215 | N58: =IFERROR((Z58-J58)/L58,"") -> 0.032670495 | O58: 19 | P58: =FALSE() -> FALSE | Q58: Inferred | R58: 0.7685 | S58: 0.8181 | T58: 0.2621 | U58: 0.3886 | V58: 0.52 | W58: 0.4298 | X58: 0.5799 | Y58: 0.6477 | Z58: =Assumptions!$B$3*R58+Assumptions!$B$4*S58+IF(AA58=1,Assumptions!$B$11,Assumptions!$B$5)*X58+IF(AA58=1,Assumptions!$B$12,Assumptions!$B$6)*T58+Assumptions!$B$7*U58+Assumptions!$B$8*V58+Assumptions!$B$9*Y58 -> 0.633015 | AA58: 1
A59: Comfey | B59: 485 | C59: =IF(M59>=Assumptions!$B$17,"S+",IF(M59>=Assumptions!$B$18,"S",IF(M59>=Assumptions!$B$19,"A",IF(M59>=Assumptions!$B$20,"B",IF(M59>=Assumptions!$B$21,"C",IF(M59>=Assumptions!$B$22,"D","F")))))) -> A | D59: hazard_remover | E59: 4 | F59: 0.6262 | G59: 1 | H59: 0.5298 | I59: 0.8312 | J59: 0.4131 | K59: 0.6625 | L59: 6.91 | M59: =Z59-W59 -> 0.20123 | N59: =IFERROR((Z59-J59)/L59,"") -> 0.036096961 | O59: 16 | P59: =FALSE() -> FALSE | Q59: Inferred | R59: 0.57 | S59: 0.6441 | T59: 0.3683 | U59: 0.6779 | V59: 0.5359 | W59: 0.4613 | X59: 0.8116 | Y59: 0.8146 | Z59: =Assumptions!$B$3*R59+Assumptions!$B$4*S59+IF(AA59=1,Assumptions!$B$11,Assumptions!$B$5)*X59+IF(AA59=1,Assumptions!$B$12,Assumptions!$B$6)*T59+Assumptions!$B$7*U59+Assumptions!$B$8*V59+Assumptions!$B$9*Y59 -> 0.66253 | AA59: 1
A60: Araquanid | B60: 454 | C60: =IF(M60>=Assumptions!$B$17,"S+",IF(M60>=Assumptions!$B$18,"S",IF(M60>=Assumptions!$B$19,"A",IF(M60>=Assumptions!$B$20,"B",IF(M60>=Assumptions!$B$21,"C",IF(M60>=Assumptions!$B$22,"D","F")))))) -> A | D60: trapper | E60: 2 | F60: 0.8443 | G60: 0.45 | H60: 0.75 | I60: 0.581 | J60: 0.3838 | K60: 0.599 | L60: 4.64 | M60: =Z60-W60 -> 0.20075 | N60: =IFERROR((Z60-J60)/L60,"") -> 0.046368534 | O60: 18 | P60: =FALSE() -> FALSE | Q60: Inferred | R60: 0.6079 | S60: 0.71 | T60: 0.1428 | U60: 0.4274 | V60: 0.4906 | W60: 0.3982 | X60: 0.7407 | Y60: 0.5421 | Z60: =Assumptions!$B$3*R60+Assumptions!$B$4*S60+IF(AA60=1,Assumptions!$B$11,Assumptions!$B$5)*X60+IF(AA60=1,Assumptions!$B$12,Assumptions!$B$6)*T60+Assumptions!$B$7*U60+Assumptions!$B$8*V60+Assumptions!$B$9*Y60 -> 0.59895 | AA60: 1
A61: Starmie | B61: 520 | C61: =IF(M61>=Assumptions!$B$17,"S+",IF(M61>=Assumptions!$B$18,"S",IF(M61>=Assumptions!$B$19,"A",IF(M61>=Assumptions!$B$20,"B",IF(M61>=Assumptions!$B$21,"C",IF(M61>=Assumptions!$B$22,"D","F")))))) -> A | D61: hazard_remover | E61: 2 | F61: 0.4512 | G61: 1 | H61: 0.5198 | I61: 0.7942 | J61: 0.4224 | K61: 0.637 | L61: 4.75 | M61: =Z61-W61 -> 0.20035 | N61: =IFERROR((Z61-J61)/L61,"") -> 0.045168421 | O61: 18 | P61: =FALSE() -> FALSE | Q61: Inferred | R61: 0.7936 | S61: 0.547 | T61: 0.5538 | U61: 0.4573 | V61: 0.4618 | W61: 0.4366 | X61: 0.6446 | Y61: 0.7518 | Z61: =Assumptions!$B$3*R61+Assumptions!$B$4*S61+IF(AA61=1,Assumptions!$B$11,Assumptions!$B$5)*X61+IF(AA61=1,Assumptions!$B$12,Assumptions!$B$6)*T61+Assumptions!$B$7*U61+Assumptions!$B$8*V61+Assumptions!$B$9*Y61 -> 0.63695 | AA61: 1
A62: Minior-Meteor-Red | B62: 440 | C62: =IF(M62>=Assumptions!$B$17,"S+",IF(M62>=Assumptions!$B$18,"S",IF(M62>=Assumptions!$B$19,"A",IF(M62>=Assumptions!$B$20,"B",IF(M62>=Assumptions!$B$21,"C",IF(M62>=Assumptions!$B$22,"D","F")))))) -> A | D62: status_spreader | E62: 3 | F62: 0.7305 | G62: 0.6 | H62: 0.75 | I62: 0.6535 | J62: 0.324 | K62: 0.6334 | L62: 3.88 | M62: =Z62-W62 -> 0.199772 | N62: =IFERROR((Z62-J62)/L62,"") -> 0.079735052 | O62: 17 | P62: =FALSE() -> FALSE | Q62: Inferred | R62: 0.7052 | S62: 0.5978 | T62: 0.192 | U62: 0.4751 | V62: 0.4584 | W62: 0.4336 | X62: 0.7994 | Y62: 0.6288 | Z62: =Assumptions!$B$3*R62+Assumptions!$B$4*S62+IF(AA62=1,Assumptions!$B$11,Assumptions!$B$5)*X62+IF(AA62=1,Assumptions!$B$12,Assumptions!$B$6)*T62+Assumptions!$B$7*U62+Assumptions!$B$8*V62+Assumptions!$B$9*Y62 -> 0.633372 | AA62: 1
A63: Snorlax-Mega | B63: 640 | C63: =IF(M63>=Assumptions!$B$17,"S+",IF(M63>=Assumptions!$B$18,"S",IF(M63>=Assumptions!$B$19,"A",IF(M63>=Assumptions!$B$20,"B",IF(M63>=Assumptions!$B$21,"C",IF(M63>=Assumptions!$B$22,"D","F")))))) -> A | D63: trick_room_attacker | E63: 5 | F63: 0.8791 | G63: 0.6 | H63: 0.75 | I63: 0.7193 | J63: 0.536 | K63: 0.655 | L63: 5.93 | M63: =Z63-W63 -> 0.198509 | N63: =IFERROR((Z63-J63)/L63,"") -> 0.020068971 | O63: 15 | P63: =FALSE() -> FALSE | Q63: Inferred | R63: 0.9238 | S63: 0.7877 | T63: 0.0632 | U63: 0.4307 | V63: 0.4168 | W63: 0.4565 | X63: 0.8004 | Y63: 0.721 | Z63: =Assumptions!$B$3*R63+Assumptions!$B$4*S63+IF(AA63=1,Assumptions!$B$11,Assumptions!$B$5)*X63+IF(AA63=1,Assumptions!$B$12,Assumptions!$B$6)*T63+Assumptions!$B$7*U63+Assumptions!$B$8*V63+Assumptions!$B$9*Y63 -> 0.655009 | AA63: 0
A64: Pidgeot-Mega | B64: 579 | C64: =IF(M64>=Assumptions!$B$17,"S+",IF(M64>=Assumptions!$B$18,"S",IF(M64>=Assumptions!$B$19,"A",IF(M64>=Assumptions!$B$20,"B",IF(M64>=Assumptions!$B$21,"C",IF(M64>=Assumptions!$B$22,"D","F")))))) -> A | D64: special_sweeper | E64: 7 | F64: 0.9531 | G64: 0.6 | H64: 0.75 | I64: 0.7642 | J64: 0.4731 | K64: 0.6906 | L64: 4 | M64: =Z64-W64 -> 0.198089 | N64: =IFERROR((Z64-J64)/L64,"") -> 0.05437225 | O64: 13 | P64: =FALSE() -> FALSE | Q64: Inferred | R64: 0.8467 | S64: 0.544 | T64: 0.5795 | U64: 0.5681 | V64: 0.4969 | W64: 0.4925 | X64: 0.8233 | Y64: 0.7611 | Z64: =Assumptions!$B$3*R64+Assumptions!$B$4*S64+IF(AA64=1,Assumptions!$B$11,Assumptions!$B$5)*X64+IF(AA64=1,Assumptions!$B$12,Assumptions!$B$6)*T64+Assumptions!$B$7*U64+Assumptions!$B$8*V64+Assumptions!$B$9*Y64 -> 0.690589 | AA64: 0
A65: Necrozma | B65: 600 | C65: =IF(M65>=Assumptions!$B$17,"S+",IF(M65>=Assumptions!$B$18,"S",IF(M65>=Assumptions!$B$19,"A",IF(M65>=Assumptions!$B$20,"B",IF(M65>=Assumptions!$B$21,"C",IF(M65>=Assumptions!$B$22,"D","F")))))) -> A | D65: mixed_attacker | E65: 7 | F65: 0.8781 | G65: 0.4 | H65: 0.75 | I65: 0.623 | J65: 0.4499 | K65: 0.6599 | L65: 4 | M65: =Z65-W65 -> 0.195803 | N65: =IFERROR((Z65-J65)/L65,"") -> 0.05250075 | O65: 13 | P65: =FALSE() -> FALSE | Q65: Inferred | R65: 0.8803 | S65: 0.6854 | T65: 0.2653 | U65: 0.3728 | V65: 0.4757 | W65: 0.4641 | X65: 0.9017 | Y65: 0.625 | Z65: =Assumptions!$B$3*R65+Assumptions!$B$4*S65+IF(AA65=1,Assumptions!$B$11,Assumptions!$B$5)*X65+IF(AA65=1,Assumptions!$B$12,Assumptions!$B$6)*T65+Assumptions!$B$7*U65+Assumptions!$B$8*V65+Assumptions!$B$9*Y65 -> 0.659903 | AA65: 0
A66: Alomomola | B66: 470 | C66: =IF(M66>=Assumptions!$B$17,"S+",IF(M66>=Assumptions!$B$18,"S",IF(M66>=Assumptions!$B$19,"A",IF(M66>=Assumptions!$B$20,"B",IF(M66>=Assumptions!$B$21,"C",IF(M66>=Assumptions!$B$22,"D","F")))))) -> A | D66: cleric | E66: 1 | F66: 0.7433 | G66: 1 | H66: 0.5476 | I66: 0.8582 | J66: 0.4595 | K66: 0.6842 | L66: 6.47 | M66: =Z66-W66 -> 0.195089 | N66: =IFERROR((Z66-J66)/L66,"") -> 0.034727821 | O66: 19 | P66: =FALSE() -> FALSE | Q66: Inferred | R66: 0.6721 | S66: 0.685 | T66: 0.3479 | U66: 0.5061 | V66: 0.4905 | W66: 0.4891 | X66: 0.8728 | Y66: 0.7874 | Z66: =Assumptions!$B$3*R66+Assumptions!$B$4*S66+IF(AA66=1,Assumptions!$B$11,Assumptions!$B$5)*X66+IF(AA66=1,Assumptions!$B$12,Assumptions!$B$6)*T66+Assumptions!$B$7*U66+Assumptions!$B$8*V66+Assumptions!$B$9*Y66 -> 0.684189 | AA66: 1
A67: Slowbro | B67: 490 | C67: =IF(M67>=Assumptions!$B$17,"S+",IF(M67>=Assumptions!$B$18,"S",IF(M67>=Assumptions!$B$19,"A",IF(M67>=Assumptions!$B$20,"B",IF(M67>=Assumptions!$B$21,"C",IF(M67>=Assumptions!$B$22,"D","F")))))) -> A | D67: bulky_pivot | E67: 4 | F67: 0.83 | G67: 0.85 | H67: 0.5198 | I67: 0.779 | J67: 0.4455 | K67: 0.6919 | L67: 4.94 | M67: =Z67-W67 -> 0.194458 | N67: =IFERROR((Z67-J67)/L67,"") -> 0.04987004 | O67: 16 | P67: =FALSE() -> FALSE | Q67: Inferred | R67: 0.8036 | S67: 0.6068 | T67: 0.077 | U67: 0.4856 | V67: 0.4566 | W67: 0.4974 | X67: 0.8924 | Y67: 0.7586 | Z67: =Assumptions!$B$3*R67+Assumptions!$B$4*S67+IF(AA67=1,Assumptions!$B$11,Assumptions!$B$5)*X67+IF(AA67=1,Assumptions!$B$12,Assumptions!$B$6)*T67+Assumptions!$B$7*U67+Assumptions!$B$8*V67+Assumptions!$B$9*Y67 -> 0.691858 | AA67: 1
A68: Reshiram | B68: 680 | C68: =IF(M68>=Assumptions!$B$17,"S+",IF(M68>=Assumptions!$B$18,"S",IF(M68>=Assumptions!$B$19,"A",IF(M68>=Assumptions!$B$20,"B",IF(M68>=Assumptions!$B$21,"C",IF(M68>=Assumptions!$B$22,"D","F")))))) -> A | D68: special_wallbreaker | E68: 13 | F68: 0.9239 | G68: 0.4 | H68: 0.75 | I68: 0.6376 | J68: 0.4021 | K68: 0.6745 | L68: 4 | M68: =Z68-W68 -> 0.1941 | N68: =IFERROR((Z68-J68)/L68,"") -> 0.0681 | O68: 7 | P68: =TRUE() -> TRUE | Q68: Inferred | R68: 0.8951 | S68: 0.7116 | T68: 0.2421 | U68: 0.4615 | V68: 0.4966 | W68: 0.4804 | X68: 0.8836 | Y68: 0.6383 | Z68: =Assumptions!$B$3*R68+Assumptions!$B$4*S68+IF(AA68=1,Assumptions!$B$11,Assumptions!$B$5)*X68+IF(AA68=1,Assumptions!$B$12,Assumptions!$B$6)*T68+Assumptions!$B$7*U68+Assumptions!$B$8*V68+Assumptions!$B$9*Y68 -> 0.6745 | AA68: 0
A69: Slaking-Mega | B69: 700 | C69: =IF(M69>=Assumptions!$B$17,"S+",IF(M69>=Assumptions!$B$18,"S",IF(M69>=Assumptions!$B$19,"A",IF(M69>=Assumptions!$B$20,"B",IF(M69>=Assumptions!$B$21,"C",IF(M69>=Assumptions!$B$22,"D","F")))))) -> A | D69: physical_sweeper | E69: 18 | F69: 0.8786 | G69: 0.6 | H69: 0.75 | I69: 0.7359 | J69: 0.4686 | K69: 0.6371 | L69: 4 | M69: =Z69-W69 -> 0.19396 | N69: =IFERROR((Z69-J69)/L69,"") -> 0.042115 | O69: 2 | P69: =FALSE() -> FALSE | Q69: Inferred | R69: 0.9622 | S69: 0.6205 | T69: 0.5416 | U69: 0.3846 | V69: 0.4555 | W69: 0.4431 | X69: 0.4166 | Y69: 0.736 | Z69: =Assumptions!$B$3*R69+Assumptions!$B$4*S69+IF(AA69=1,Assumptions!$B$11,Assumptions!$B$5)*X69+IF(AA69=1,Assumptions!$B$12,Assumptions!$B$6)*T69+Assumptions!$B$7*U69+Assumptions!$B$8*V69+Assumptions!$B$9*Y69 -> 0.63706 | AA69: 0
A70: Mr. Mime-Mr-Mime | B70: 470 | C70: =IF(M70>=Assumptions!$B$17,"S+",IF(M70>=Assumptions!$B$18,"S",IF(M70>=Assumptions!$B$19,"A",IF(M70>=Assumptions!$B$20,"B",IF(M70>=Assumptions!$B$21,"C",IF(M70>=Assumptions!$B$22,"D","F")))))) -> A | D70: cleric | E70: 4 | F70: 0.6463 | G70: 1 | H70: 0.5149 | I70: 0.8322 | J70: 0.3783 | K70: 0.692 | L70: 7 | M70: =Z70-W70 -> 0.19198 | N70: =IFERROR((Z70-J70)/L70,"") -> 0.044811429 | O70: 16 | P70: =FALSE() -> FALSE | Q70: Inferred | R70: 0.7505 | S70: 0.6527 | T70: 0.2704 | U70: 0.6779 | V70: 0.5187 | W70: 0.5 | X70: 0.7623 | Y70: 0.8033 | Z70: =Assumptions!$B$3*R70+Assumptions!$B$4*S70+IF(AA70=1,Assumptions!$B$11,Assumptions!$B$5)*X70+IF(AA70=1,Assumptions!$B$12,Assumptions!$B$6)*T70+Assumptions!$B$7*U70+Assumptions!$B$8*V70+Assumptions!$B$9*Y70 -> 0.69198 | AA70: 1
A71: Beedrill-Mega | B71: 495 | C71: =IF(M71>=Assumptions!$B$17,"S+",IF(M71>=Assumptions!$B$18,"S",IF(M71>=Assumptions!$B$19,"A",IF(M71>=Assumptions!$B$20,"B",IF(M71>=Assumptions!$B$21,"C",IF(M71>=Assumptions!$B$22,"D","F")))))) -> A | D71: physical_sweeper | E71: 7 | F71: 0.9927 | G71: 0.8 | H71: 0.75 | I71: 0.8632 | J71: 0.4218 | K71: 0.6675 | L71: 4 | M71: =Z71-W71 -> 0.19061 | N71: =IFERROR((Z71-J71)/L71,"") -> 0.0614275 | O71: 13 | P71: =FALSE() -> FALSE | Q71: Inferred | R71: 0.9037 | S71: 0.2788 | T71: 0.7779 | U71: 0.645 | V71: 0.4668 | W71: 0.4769 | X71: 0.5947 | Y71: 0.8638 | Z71: =Assumptions!$B$3*R71+Assumptions!$B$4*S71+IF(AA71=1,Assumptions!$B$11,Assumptions!$B$5)*X71+IF(AA71=1,Assumptions!$B$12,Assumptions!$B$6)*T71+Assumptions!$B$7*U71+Assumptions!$B$8*V71+Assumptions!$B$9*Y71 -> 0.66751 | AA71: 0
A72: Celebi | B72: 600 | C72: =IF(M72>=Assumptions!$B$17,"S+",IF(M72>=Assumptions!$B$18,"S",IF(M72>=Assumptions!$B$19,"A",IF(M72>=Assumptions!$B$20,"B",IF(M72>=Assumptions!$B$21,"C",IF(M72>=Assumptions!$B$22,"D","F")))))) -> A | D72: cleric | E72: 7 | F72: 0.745 | G72: 1 | H72: 0.3948 | I72: 0.828 | J72: 0.3851 | K72: 0.6886 | L72: 4 | M72: =Z72-W72 -> 0.190152 | N72: =IFERROR((Z72-J72)/L72,"") -> 0.075888 | O72: 13 | P72: =TRUE() -> TRUE | Q72: Inferred | R72: 0.7095 | S72: 0.6106 | T72: 0.2533 | U72: 0.6509 | V72: 0.4144 | W72: 0.4985 | X72: 0.8689 | Y72: 0.8325 | Z72: =Assumptions!$B$3*R72+Assumptions!$B$4*S72+IF(AA72=1,Assumptions!$B$11,Assumptions!$B$5)*X72+IF(AA72=1,Assumptions!$B$12,Assumptions!$B$6)*T72+Assumptions!$B$7*U72+Assumptions!$B$8*V72+Assumptions!$B$9*Y72 -> 0.688652 | AA72: 1
A73: Musharna | B73: 487 | C73: =IF(M73>=Assumptions!$B$17,"S+",IF(M73>=Assumptions!$B$18,"S",IF(M73>=Assumptions!$B$19,"A",IF(M73>=Assumptions!$B$20,"B",IF(M73>=Assumptions!$B$21,"C",IF(M73>=Assumptions!$B$22,"D","F")))))) -> A | D73: special_wall | E73: 6 | F73: 0.9659 | G73: 0.76 | H73: 0.4722 | I73: 0.7457 | J73: 0.3059 | K73: 0.6777 | L73: 6 | M73: =Z73-W73 -> 0.189881 | N73: =IFERROR((Z73-J73)/L73,"") -> 0.0619635 | O73: 14 | P73: =FALSE() -> FALSE | Q73: Inferred | R73: 0.6769 | S73: 0.7225 | T73: 0.036 | U73: 0.4835 | V73: 0.4746 | W73: 0.4878 | X73: 0.9074 | Y73: 0.7354 | Z73: =Assumptions!$B$3*R73+Assumptions!$B$4*S73+IF(AA73=1,Assumptions!$B$11,Assumptions!$B$5)*X73+IF(AA73=1,Assumptions!$B$12,Assumptions!$B$6)*T73+Assumptions!$B$7*U73+Assumptions!$B$8*V73+Assumptions!$B$9*Y73 -> 0.677681 | AA73: 1
A74: Decidueye | B74: 540 | C74: =IF(M74>=Assumptions!$B$17,"S+",IF(M74>=Assumptions!$B$18,"S",IF(M74>=Assumptions!$B$19,"A",IF(M74>=Assumptions!$B$20,"B",IF(M74>=Assumptions!$B$21,"C",IF(M74>=Assumptions!$B$22,"D","F")))))) -> A | D74: mixed_attacker | E74: 7 | F74: 0.7691 | G74: 1 | H74: 0.75 | I74: 0.8761 | J74: 0.4566 | K74: 0.6535 | L74: 5 | M74: =Z74-W74 -> 0.18943 | N74: =IFERROR((Z74-J74)/L74,"") -> 0.039386 | O74: 13 | P74: =FALSE() -> FALSE | Q74: Inferred | R74: 0.781 | S74: 0.5238 | T74: 0.3281 | U74: 0.6864 | V74: 0.5126 | W74: 0.4641 | X74: 0.7477 | Y74: 0.8787 | Z74: =Assumptions!$B$3*R74+Assumptions!$B$4*S74+IF(AA74=1,Assumptions!$B$11,Assumptions!$B$5)*X74+IF(AA74=1,Assumptions!$B$12,Assumptions!$B$6)*T74+Assumptions!$B$7*U74+Assumptions!$B$8*V74+Assumptions!$B$9*Y74 -> 0.65353 | AA74: 0
A75: Azelf | B75: 580 | C75: =IF(M75>=Assumptions!$B$17,"S+",IF(M75>=Assumptions!$B$18,"S",IF(M75>=Assumptions!$B$19,"A",IF(M75>=Assumptions!$B$20,"B",IF(M75>=Assumptions!$B$21,"C",IF(M75>=Assumptions!$B$22,"D","F")))))) -> A | D75: mixed_attacker | E75: 13 | F75: 0.9422 | G75: 0.4 | H75: 0.75 | I75: 0.6435 | J75: 0.4109 | K75: 0.6516 | L75: 4 | M75: =Z75-W75 -> 0.189181 | N75: =IFERROR((Z75-J75)/L75,"") -> 0.06017025 | O75: 7 | P75: =TRUE() -> TRUE | Q75: Inferred | R75: 0.8928 | S75: 0.4776 | T75: 0.4246 | U75: 0.5385 | V75: 0.4923 | W75: 0.4624 | X75: 0.7778 | Y75: 0.6441 | Z75: =Assumptions!$B$3*R75+Assumptions!$B$4*S75+IF(AA75=1,Assumptions!$B$11,Assumptions!$B$5)*X75+IF(AA75=1,Assumptions!$B$12,Assumptions!$B$6)*T75+Assumptions!$B$7*U75+Assumptions!$B$8*V75+Assumptions!$B$9*Y75 -> 0.651581 | AA75: 0
A76: Aromatisse | B76: 462 | C76: =IF(M76>=Assumptions!$B$17,"S+",IF(M76>=Assumptions!$B$18,"S",IF(M76>=Assumptions!$B$19,"A",IF(M76>=Assumptions!$B$20,"B",IF(M76>=Assumptions!$B$21,"C",IF(M76>=Assumptions!$B$22,"D","F")))))) -> A | D76: weather_terrain_setter | E76: 6 | F76: 0.8211 | G76: 0.6 | H76: 0.75 | I76: 0.6632 | J76: 0.4152 | K76: 0.6203 | L76: 5 | M76: =Z76-W76 -> 0.188778 | N76: =IFERROR((Z76-J76)/L76,"") -> 0.0410156 | O76: 14 | P76: =FALSE() -> FALSE | Q76: Inferred | R76: 0.7299 | S76: 0.7356 | T76: 0.03 | U76: 0.4945 | V76: 0.534 | W76: 0.4315 | X76: 0.9074 | Y76: 0.6319 | Z76: =Assumptions!$B$3*R76+Assumptions!$B$4*S76+IF(AA76=1,Assumptions!$B$11,Assumptions!$B$5)*X76+IF(AA76=1,Assumptions!$B$12,Assumptions!$B$6)*T76+Assumptions!$B$7*U76+Assumptions!$B$8*V76+Assumptions!$B$9*Y76 -> 0.620278 | AA76: 0
A77: Revavroom | B77: 500 | C77: =IF(M77>=Assumptions!$B$17,"S+",IF(M77>=Assumptions!$B$18,"S",IF(M77>=Assumptions!$B$19,"A",IF(M77>=Assumptions!$B$20,"B",IF(M77>=Assumptions!$B$21,"C",IF(M77>=Assumptions!$B$22,"D","F")))))) -> A | D77: physical_wall | E77: 6 | F77: 0.6905 | G77: 0.88 | H77: 0.501 | I77: 0.7322 | J77: 0.3395 | K77: 0.6048 | L77: 5 | M77: =Z77-W77 -> 0.187904 | N77: =IFERROR((Z77-J77)/L77,"") -> 0.0530608 | O77: 14 | P77: =FALSE() -> FALSE | Q77: Inferred | R77: 0.7739 | S77: 0.5778 | T77: 0.2598 | U77: 0.4121 | V77: 0.5044 | W77: 0.4169 | X77: 0.5796 | Y77: 0.7073 | Z77: =Assumptions!$B$3*R77+Assumptions!$B$4*S77+IF(AA77=1,Assumptions!$B$11,Assumptions!$B$5)*X77+IF(AA77=1,Assumptions!$B$12,Assumptions!$B$6)*T77+Assumptions!$B$7*U77+Assumptions!$B$8*V77+Assumptions!$B$9*Y77 -> 0.604804 | AA77: 1
A78: Gliscor | B78: 510 | C78: =IF(M78>=Assumptions!$B$17,"S+",IF(M78>=Assumptions!$B$18,"S",IF(M78>=Assumptions!$B$19,"A",IF(M78>=Assumptions!$B$20,"B",IF(M78>=Assumptions!$B$21,"C",IF(M78>=Assumptions!$B$22,"D","F")))))) -> A | D78: physical_wall | E78: 4 | F78: 0.8645 | G78: 0.88 | H78: 0.4603 | I78: 0.7707 | J78: 0.4026 | K78: 0.6258 | L78: 4.94 | M78: =Z78-W78 -> 0.187424 | N78: =IFERROR((Z78-J78)/L78,"") -> 0.045187045 | O78: 16 | P78: =FALSE() -> FALSE | Q78: Inferred | R78: 0.7732 | S78: 0.6504 | T78: 0.3891 | U78: 0.5529 | V78: 0.5098 | W78: 0.4384 | X78: 0.522 | Y78: 0.7502 | Z78: =Assumptions!$B$3*R78+Assumptions!$B$4*S78+IF(AA78=1,Assumptions!$B$11,Assumptions!$B$5)*X78+IF(AA78=1,Assumptions!$B$12,Assumptions!$B$6)*T78+Assumptions!$B$7*U78+Assumptions!$B$8*V78+Assumptions!$B$9*Y78 -> 0.625824 | AA78: 1
A79: Solrock | B79: 490 | C79: =IF(M79>=Assumptions!$B$17,"S+",IF(M79>=Assumptions!$B$18,"S",IF(M79>=Assumptions!$B$19,"A",IF(M79>=Assumptions!$B$20,"B",IF(M79>=Assumptions!$B$21,"C",IF(M79>=Assumptions!$B$22,"D","F")))))) -> A | D79: screen_setter | E79: 3 | F79: 0.7828 | G79: 0.6 | H79: 0.75 | I79: 0.6629 | J79: 0.3847 | K79: 0.5943 | L79: 3.88 | M79: =Z79-W79 -> 0.187257 | N79: =IFERROR((Z79-J79)/L79,"") -> 0.054009536 | O79: 17 | P79: =FALSE() -> FALSE | Q79: Inferred | R79: 0.8477 | S79: 0.5029 | T79: 0.3973 | U79: 0.4027 | V79: 0.382 | W79: 0.407 | X79: 0.6529 | Y79: 0.6399 | Z79: =Assumptions!$B$3*R79+Assumptions!$B$4*S79+IF(AA79=1,Assumptions!$B$11,Assumptions!$B$5)*X79+IF(AA79=1,Assumptions!$B$12,Assumptions!$B$6)*T79+Assumptions!$B$7*U79+Assumptions!$B$8*V79+Assumptions!$B$9*Y79 -> 0.594257 | AA79: 0
A80: Zapdos | B80: 580 | C80: =IF(M80>=Assumptions!$B$17,"S+",IF(M80>=Assumptions!$B$18,"S",IF(M80>=Assumptions!$B$19,"A",IF(M80>=Assumptions!$B$20,"B",IF(M80>=Assumptions!$B$21,"C",IF(M80>=Assumptions!$B$22,"D","F")))))) -> A | D80: special_sweeper | E80: 9 | F80: 0.8474 | G80: 0.4 | H80: 0.75 | I80: 0.64 | J80: 0.4486 | K80: 0.6718 | L80: 4 | M80: =Z80-W80 -> 0.185714 | N80: =IFERROR((Z80-J80)/L80,"") -> 0.0558035 | O80: 11 | P80: =TRUE() -> TRUE | Q80: Inferred | R80: 0.804 | S80: 0.6956 | T80: 0.2968 | U80: 0.5385 | V80: 0.5548 | W80: 0.4861 | X80: 0.899 | Y80: 0.641 | Z80: =Assumptions!$B$3*R80+Assumptions!$B$4*S80+IF(AA80=1,Assumptions!$B$11,Assumptions!$B$5)*X80+IF(AA80=1,Assumptions!$B$12,Assumptions!$B$6)*T80+Assumptions!$B$7*U80+Assumptions!$B$8*V80+Assumptions!$B$9*Y80 -> 0.671814 | AA80: 0
A81: Aerodactyl | B81: 515 | C81: =IF(M81>=Assumptions!$B$17,"S+",IF(M81>=Assumptions!$B$18,"S",IF(M81>=Assumptions!$B$19,"A",IF(M81>=Assumptions!$B$20,"B",IF(M81>=Assumptions!$B$21,"C",IF(M81>=Assumptions!$B$22,"D","F")))))) -> A | D81: speed_control | E81: 3 | F81: 0.9728 | G81: 0.6 | H81: 0.75 | I81: 0.6859 | J81: 0.3667 | K81: 0.6393 | L81: 5.94 | M81: =Z81-W81 -> 0.185033 | N81: =IFERROR((Z81-J81)/L81,"") -> 0.045897811 | O81: 17 | P81: =FALSE() -> FALSE | Q81: Inferred | R81: 0.8036 | S81: 0.4533 | T81: 0.7818 | U81: 0.5023 | V81: 0.4584 | W81: 0.4543 | X81: 0.6322 | Y81: 0.6678 | Z81: =Assumptions!$B$3*R81+Assumptions!$B$4*S81+IF(AA81=1,Assumptions!$B$11,Assumptions!$B$5)*X81+IF(AA81=1,Assumptions!$B$12,Assumptions!$B$6)*T81+Assumptions!$B$7*U81+Assumptions!$B$8*V81+Assumptions!$B$9*Y81 -> 0.639333 | AA81: 0
A82: Hydreigon | B82: 600 | C82: =IF(M82>=Assumptions!$B$17,"S+",IF(M82>=Assumptions!$B$18,"S",IF(M82>=Assumptions!$B$19,"A",IF(M82>=Assumptions!$B$20,"B",IF(M82>=Assumptions!$B$21,"C",IF(M82>=Assumptions!$B$22,"D","F")))))) -> A | D82: speed_control | E82: 10 | F82: 0.7065 | G82: 0.6 | H82: 0.75 | I82: 0.646 | J82: 0.3439 | K82: 0.594 | L82: 4 | M82: =Z82-W82 -> 0.184866 | N82: =IFERROR((Z82-J82)/L82,"") -> 0.0625165 | O82: 10 | P82: =FALSE() -> FALSE | Q82: Inferred | R82: 0.7905 | S82: 0.5196 | T82: 0.1945 | U82: 0.5692 | V82: 0.42 | W82: 0.4091 | X82: 0.7491 | Y82: 0.6418 | Z82: =Assumptions!$B$3*R82+Assumptions!$B$4*S82+IF(AA82=1,Assumptions!$B$11,Assumptions!$B$5)*X82+IF(AA82=1,Assumptions!$B$12,Assumptions!$B$6)*T82+Assumptions!$B$7*U82+Assumptions!$B$8*V82+Assumptions!$B$9*Y82 -> 0.593966 | AA82: 0
A83: Garganacl | B83: 500 | C83: =IF(M83>=Assumptions!$B$17,"S+",IF(M83>=Assumptions!$B$18,"S",IF(M83>=Assumptions!$B$19,"A",IF(M83>=Assumptions!$B$20,"B",IF(M83>=Assumptions!$B$21,"C",IF(M83>=Assumptions!$B$22,"D","F")))))) -> A | D83: hazard_setter | E83: 7 | F83: 0.71 | G83: 0.85 | H83: 0.75 | I83: 0.8048 | J83: 0.475 | K83: 0.6279 | L83: 4 | M83: =Z83-W83 -> 0.184458 | N83: =IFERROR((Z83-J83)/L83,"") -> 0.0382145 | O83: 13 | P83: =FALSE() -> FALSE | Q83: Inferred | R83: 0.7741 | S83: 0.6471 | T83: 0.0554 | U83: 0.4556 | V83: 0.3903 | W83: 0.4434 | X83: 0.6597 | Y83: 0.8049 | Z83: =Assumptions!$B$3*R83+Assumptions!$B$4*S83+IF(AA83=1,Assumptions!$B$11,Assumptions!$B$5)*X83+IF(AA83=1,Assumptions!$B$12,Assumptions!$B$6)*T83+Assumptions!$B$7*U83+Assumptions!$B$8*V83+Assumptions!$B$9*Y83 -> 0.627858 | AA83: 1
A84: Nihilego | B84: 570 | C84: =IF(M84>=Assumptions!$B$17,"S+",IF(M84>=Assumptions!$B$18,"S",IF(M84>=Assumptions!$B$19,"A",IF(M84>=Assumptions!$B$20,"B",IF(M84>=Assumptions!$B$21,"C",IF(M84>=Assumptions!$B$22,"D","F")))))) -> A | D84: suicide_lead | E84: 1 | F84: 0.7853 | G84: 0.45 | H84: 0.75 | I84: 0.5771 | J84: 0.3636 | K84: 0.5805 | L84: 3.55 | M84: =Z84-W84 -> 0.18431 | N84: =IFERROR((Z84-J84)/L84,"") -> 0.061101408 | O84: 19 | P84: =FALSE() -> FALSE | Q84: Inferred | R84: 0.8262 | S84: 0.491 | T84: 0.5686 | U84: 0.3562 | V84: 0.3852 | W84: 0.3962 | X84: 0.5744 | Y84: 0.5392 | Z84: =Assumptions!$B$3*R84+Assumptions!$B$4*S84+IF(AA84=1,Assumptions!$B$11,Assumptions!$B$5)*X84+IF(AA84=1,Assumptions!$B$12,Assumptions!$B$6)*T84+Assumptions!$B$7*U84+Assumptions!$B$8*V84+Assumptions!$B$9*Y84 -> 0.58051 | AA84: 0
A85: Goodra-Hisui | B85: 600 | C85: =IF(M85>=Assumptions!$B$17,"S+",IF(M85>=Assumptions!$B$18,"S",IF(M85>=Assumptions!$B$19,"A",IF(M85>=Assumptions!$B$20,"B",IF(M85>=Assumptions!$B$21,"C",IF(M85>=Assumptions!$B$22,"D","F")))))) -> A | D85: tank | E85: 3 | F85: 0.8395 | G85: 0.45 | H85: 0.5526 | I85: 0.6069 | J85: 0.4016 | K85: 0.6148 | L85: 3.71 | M85: =Z85-W85 -> 0.184075 | N85: =IFERROR((Z85-J85)/L85,"") -> 0.057459569 | O85: 17 | P85: =FALSE() -> FALSE | Q85: Unresolved | R85: 0.8032 | S85: 0.7404 | T85: 0.2489 | U85: 0.3891 | V85: 0.5607 | W85: 0.4307 | X85: 0.5325 | Y85: 0.5654 | Z85: =Assumptions!$B$3*R85+Assumptions!$B$4*S85+IF(AA85=1,Assumptions!$B$11,Assumptions!$B$5)*X85+IF(AA85=1,Assumptions!$B$12,Assumptions!$B$6)*T85+Assumptions!$B$7*U85+Assumptions!$B$8*V85+Assumptions!$B$9*Y85 -> 0.614775 | AA85: 1
A86: Skarmory | B86: 465 | C86: =IF(M86>=Assumptions!$B$17,"S+",IF(M86>=Assumptions!$B$18,"S",IF(M86>=Assumptions!$B$19,"A",IF(M86>=Assumptions!$B$20,"B",IF(M86>=Assumptions!$B$21,"C",IF(M86>=Assumptions!$B$22,"D","F")))))) -> A | D86: hazard_setter | E86: 3 | F86: 0.78 | G86: 0.85 | H86: 0.75 | I86: 0.8174 | J86: 0.2764 | K86: 0.6228 | L86: 5.82 | M86: =Z86-W86 -> 0.182689 | N86: =IFERROR((Z86-J86)/L86,"") -> 0.05951701 | O86: 17 | P86: =FALSE() -> FALSE | Q86: Inferred | R86: 0.7622 | S86: 0.6684 | T86: 0.2968 | U86: 0.3936 | V86: 0.5903 | W86: 0.4401 | X86: 0.5398 | Y86: 0.7864 | Z86: =Assumptions!$B$3*R86+Assumptions!$B$4*S86+IF(AA86=1,Assumptions!$B$11,Assumptions!$B$5)*X86+IF(AA86=1,Assumptions!$B$12,Assumptions!$B$6)*T86+Assumptions!$B$7*U86+Assumptions!$B$8*V86+Assumptions!$B$9*Y86 -> 0.622789 | AA86: 1
A87: Magearna | B87: 600 | C87: =IF(M87>=Assumptions!$B$17,"S+",IF(M87>=Assumptions!$B$18,"S",IF(M87>=Assumptions!$B$19,"A",IF(M87>=Assumptions!$B$20,"B",IF(M87>=Assumptions!$B$21,"C",IF(M87>=Assumptions!$B$22,"D","F")))))) -> A | D87: special_sweeper | E87: 9 | F87: 0.6308 | G87: 0.8 | H87: 0.75 | I87: 0.7257 | J87: 0.3842 | K87: 0.6684 | L87: 4 | M87: =Z87-W87 -> 0.18225 | N87: =IFERROR((Z87-J87)/L87,"") -> 0.0710375 | O87: 11 | P87: =FALSE() -> FALSE | Q87: Inferred | R87: 0.8424 | S87: 0.7636 | T87: 0.1377 | U87: 0.4615 | V87: 0.6106 | W87: 0.4861 | X87: 0.8266 | Y87: 0.7269 | Z87: =Assumptions!$B$3*R87+Assumptions!$B$4*S87+IF(AA87=1,Assumptions!$B$11,Assumptions!$B$5)*X87+IF(AA87=1,Assumptions!$B$12,Assumptions!$B$6)*T87+Assumptions!$B$7*U87+Assumptions!$B$8*V87+Assumptions!$B$9*Y87 -> 0.66835 | AA87: 0
A88: Medicham-Mega | B88: 510 | C88: =IF(M88>=Assumptions!$B$17,"S+",IF(M88>=Assumptions!$B$18,"S",IF(M88>=Assumptions!$B$19,"A",IF(M88>=Assumptions!$B$20,"B",IF(M88>=Assumptions!$B$21,"C",IF(M88>=Assumptions!$B$22,"D","F")))))) -> A | D88: physical_wallbreaker | E88: 7 | F88: 0.7097 | G88: 1 | H88: 0.75 | I88: 0.8571 | J88: 0.4972 | K88: 0.6916 | L88: 4 | M88: =Z88-W88 -> 0.180889 | N88: =IFERROR((Z88-J88)/L88,"") -> 0.04859725 | O88: 13 | P88: =FALSE() -> FALSE | Q88: Inferred | R88: 0.9251 | S88: 0.5362 | T88: 0.2917 | U88: 0.5681 | V88: 0.4771 | W88: 0.5107 | X88: 0.8773 | Y88: 0.8597 | Z88: =Assumptions!$B$3*R88+Assumptions!$B$4*S88+IF(AA88=1,Assumptions!$B$11,Assumptions!$B$5)*X88+IF(AA88=1,Assumptions!$B$12,Assumptions!$B$6)*T88+Assumptions!$B$7*U88+Assumptions!$B$8*V88+Assumptions!$B$9*Y88 -> 0.691589 | AA88: 0
A89: Landorus-Incarnate | B89: 600 | C89: =IF(M89>=Assumptions!$B$17,"S+",IF(M89>=Assumptions!$B$18,"S",IF(M89>=Assumptions!$B$19,"A",IF(M89>=Assumptions!$B$20,"B",IF(M89>=Assumptions!$B$21,"C",IF(M89>=Assumptions!$B$22,"D","F")))))) -> A | D89: mixed_attacker | E89: 9 | F89: 0.9109 | G89: 0.8 | H89: 0.75 | I89: 0.8255 | J89: 0.4395 | K89: 0.6472 | L89: 5 | M89: =Z89-W89 -> 0.180141 | N89: =IFERROR((Z89-J89)/L89,"") -> 0.0415482 | O89: 11 | P89: =TRUE() -> TRUE | Q89: Inferred | R89: 0.913 | S89: 0.5925 | T89: 0.3119 | U89: 0.5874 | V89: 0.4996 | W89: 0.4671 | X89: 0.5447 | Y89: 0.8271 | Z89: =Assumptions!$B$3*R89+Assumptions!$B$4*S89+IF(AA89=1,Assumptions!$B$11,Assumptions!$B$5)*X89+IF(AA89=1,Assumptions!$B$12,Assumptions!$B$6)*T89+Assumptions!$B$7*U89+Assumptions!$B$8*V89+Assumptions!$B$9*Y89 -> 0.647241 | AA89: 0
A90: Swampert-Mega | B90: 635 | C90: =IF(M90>=Assumptions!$B$17,"S+",IF(M90>=Assumptions!$B$18,"S",IF(M90>=Assumptions!$B$19,"A",IF(M90>=Assumptions!$B$20,"B",IF(M90>=Assumptions!$B$21,"C",IF(M90>=Assumptions!$B$22,"D","F")))))) -> A | D90: physical_sweeper | E90: 12 | F90: 0.6754 | G90: 0.8 | H90: 0.75 | I90: 0.7427 | J90: 0.4127 | K90: 0.6469 | L90: 4 | M90: =Z90-W90 -> 0.17923 | N90: =IFERROR((Z90-J90)/L90,"") -> 0.0585575 | O90: 8 | P90: =FALSE() -> FALSE | Q90: Inferred | R90: 0.8589 | S90: 0.7713 | T90: 0.1146 | U90: 0.4519 | V90: 0.5085 | W90: 0.4677 | X90: 0.7419 | Y90: 0.7434 | Z90: =Assumptions!$B$3*R90+Assumptions!$B$4*S90+IF(AA90=1,Assumptions!$B$11,Assumptions!$B$5)*X90+IF(AA90=1,Assumptions!$B$12,Assumptions!$B$6)*T90+Assumptions!$B$7*U90+Assumptions!$B$8*V90+Assumptions!$B$9*Y90 -> 0.64693 | AA90: 0
A91: Silvally-Normal | B91: 600 | C91: =IF(M91>=Assumptions!$B$17,"S+",IF(M91>=Assumptions!$B$18,"S",IF(M91>=Assumptions!$B$19,"A",IF(M91>=Assumptions!$B$20,"B",IF(M91>=Assumptions!$B$21,"C",IF(M91>=Assumptions!$B$22,"D","F")))))) -> A | D91: hazard_remover | E91: 4 | F91: 0.7136 | G91: 0.6 | H91: 0.4762 | I91: 0.598 | J91: 0.3611 | K91: 0.6427 | L91: 3.94 | M91: =Z91-W91 -> 0.178537 | N91: =IFERROR((Z91-J91)/L91,"") -> 0.071481472 | O91: 16 | P91: =FALSE() -> FALSE | Q91: Inferred | R91: 0.8366 | S91: 0.788 | T91: 0.3787 | U91: 0.4086 | V91: 0.4637 | W91: 0.4642 | X91: 0.5924 | Y91: 0.5783 | Z91: =Assumptions!$B$3*R91+Assumptions!$B$4*S91+IF(AA91=1,Assumptions!$B$11,Assumptions!$B$5)*X91+IF(AA91=1,Assumptions!$B$12,Assumptions!$B$6)*T91+Assumptions!$B$7*U91+Assumptions!$B$8*V91+Assumptions!$B$9*Y91 -> 0.642737 | AA91: 1
A92: Rayquaza | B92: 680 | C92: =IF(M92>=Assumptions!$B$17,"S+",IF(M92>=Assumptions!$B$18,"S",IF(M92>=Assumptions!$B$19,"A",IF(M92>=Assumptions!$B$20,"B",IF(M92>=Assumptions!$B$21,"C",IF(M92>=Assumptions!$B$22,"D","F")))))) -> A | D92: mixed_attacker | E92: 13 | F92: 0.9835 | G92: 0.6 | H92: 0.75 | I92: 0.7527 | J92: 0.4517 | K92: 0.6407 | L92: 4 | M92: =Z92-W92 -> 0.178354 | N92: =IFERROR((Z92-J92)/L92,"") -> 0.0472635 | O92: 7 | P92: =TRUE() -> TRUE | Q92: Inferred | R92: 0.9178 | S92: 0.6065 | T92: 0.2421 | U92: 0.6154 | V92: 0.4739 | W92: 0.4624 | X92: 0.582 | Y92: 0.7531 | Z92: =Assumptions!$B$3*R92+Assumptions!$B$4*S92+IF(AA92=1,Assumptions!$B$11,Assumptions!$B$5)*X92+IF(AA92=1,Assumptions!$B$12,Assumptions!$B$6)*T92+Assumptions!$B$7*U92+Assumptions!$B$8*V92+Assumptions!$B$9*Y92 -> 0.640754 | AA92: 0
A93: Froslass | B93: 510 | C93: =IF(M93>=Assumptions!$B$17,"S+",IF(M93>=Assumptions!$B$18,"S",IF(M93>=Assumptions!$B$19,"A",IF(M93>=Assumptions!$B$20,"B",IF(M93>=Assumptions!$B$21,"C",IF(M93>=Assumptions!$B$22,"D","F")))))) -> A | D93: suicide_lead | E93: 1 | F93: 0.8786 | G93: 0.6 | H93: 0.75 | I93: 0.6857 | J93: 0.4222 | K93: 0.5829 | L93: 3.63 | M93: =Z93-W93 -> 0.177909 | N93: =IFERROR((Z93-J93)/L93,"") -> 0.044272452 | O93: 19 | P93: =FALSE() -> FALSE | Q93: Unresolved | R93: 0.7322 | S93: 0.5035 | T93: 0.5788 | U93: 0.5061 | V93: 0.495 | W93: 0.405 | X93: 0.4736 | Y93: 0.6672 | Z93: =Assumptions!$B$3*R93+Assumptions!$B$4*S93+IF(AA93=1,Assumptions!$B$11,Assumptions!$B$5)*X93+IF(AA93=1,Assumptions!$B$12,Assumptions!$B$6)*T93+Assumptions!$B$7*U93+Assumptions!$B$8*V93+Assumptions!$B$9*Y93 -> 0.582909 | AA93: 0
A94: Tadbulb | B94: 272 | C94: =IF(M94>=Assumptions!$B$17,"S+",IF(M94>=Assumptions!$B$18,"S",IF(M94>=Assumptions!$B$19,"A",IF(M94>=Assumptions!$B$20,"B",IF(M94>=Assumptions!$B$21,"C",IF(M94>=Assumptions!$B$22,"D","F")))))) -> A | D94: screen_setter | E94: 3 | F94: 0.5455 | G94: 0.45 | H94: 0.75 | I94: 0.5272 | J94: 0.2533 | K94: 0.4728 | L94: 5.59 | M94: =Z94-W94 -> 0.177034 | N94: =IFERROR((Z94-J94)/L94,"") -> 0.03927263 | O94: 17 | P94: =FALSE() -> FALSE | Q94: Inferred | R94: 0.6161 | S94: 0.3355 | T94: 0.1404 | U94: 0.5249 | V94: 0.5071 | W94: 0.2958 | X94: 0.4159 | Y94: 0.4862 | Z94: =Assumptions!$B$3*R94+Assumptions!$B$4*S94+IF(AA94=1,Assumptions!$B$11,Assumptions!$B$5)*X94+IF(AA94=1,Assumptions!$B$12,Assumptions!$B$6)*T94+Assumptions!$B$7*U94+Assumptions!$B$8*V94+Assumptions!$B$9*Y94 -> 0.472834 | AA94: 1
A95: Genesect | B95: 600 | C95: =IF(M95>=Assumptions!$B$17,"S+",IF(M95>=Assumptions!$B$18,"S",IF(M95>=Assumptions!$B$19,"A",IF(M95>=Assumptions!$B$20,"B",IF(M95>=Assumptions!$B$21,"C",IF(M95>=Assumptions!$B$22,"D","F")))))) -> A | D95: mixed_attacker | E95: 7 | F95: 0.907 | G95: 0.6 | H95: 0.75 | I95: 0.7282 | J95: 0.4105 | K95: 0.6409 | L95: 4 | M95: =Z95-W95 -> 0.176861 | N95: =IFERROR((Z95-J95)/L95,"") -> 0.05761525 | O95: 13 | P95: =TRUE() -> TRUE | Q95: Inferred | R95: 0.922 | S95: 0.5837 | T95: 0.2828 | U95: 0.5385 | V95: 0.5058 | W95: 0.4641 | X95: 0.6077 | Y95: 0.7303 | Z95: =Assumptions!$B$3*R95+Assumptions!$B$4*S95+IF(AA95=1,Assumptions!$B$11,Assumptions!$B$5)*X95+IF(AA95=1,Assumptions!$B$12,Assumptions!$B$6)*T95+Assumptions!$B$7*U95+Assumptions!$B$8*V95+Assumptions!$B$9*Y95 -> 0.640961 | AA95: 0
A96: Hatterene | B96: 510 | C96: =IF(M96>=Assumptions!$B$17,"S+",IF(M96>=Assumptions!$B$18,"S",IF(M96>=Assumptions!$B$19,"A",IF(M96>=Assumptions!$B$20,"B",IF(M96>=Assumptions!$B$21,"C",IF(M96>=Assumptions!$B$22,"D","F")))))) -> A | D96: cleric | E96: 7 | F96: 0.5104 | G96: 1 | H96: 0.5149 | I96: 0.8051 | J96: 0.4532 | K96: 0.6864 | L96: 5 | M96: =Z96-W96 -> 0.175491 | N96: =IFERROR((Z96-J96)/L96,"") -> 0.0466382 | O96: 13 | P96: =FALSE() -> FALSE | Q96: Inferred | R96: 0.7611 | S96: 0.6349 | T96: 0.0323 | U96: 0.5267 | V96: 0.525 | W96: 0.5109 | X96: 0.8412 | Y96: 0.7967 | Z96: =Assumptions!$B$3*R96+Assumptions!$B$4*S96+IF(AA96=1,Assumptions!$B$11,Assumptions!$B$5)*X96+IF(AA96=1,Assumptions!$B$12,Assumptions!$B$6)*T96+Assumptions!$B$7*U96+Assumptions!$B$8*V96+Assumptions!$B$9*Y96 -> 0.686391 | AA96: 1
A97: Coalossal | B97: 510 | C97: =IF(M97>=Assumptions!$B$17,"S+",IF(M97>=Assumptions!$B$18,"S",IF(M97>=Assumptions!$B$19,"A",IF(M97>=Assumptions!$B$20,"B",IF(M97>=Assumptions!$B$21,"C",IF(M97>=Assumptions!$B$22,"D","F")))))) -> A | D97: weather_terrain_setter | E97: 6 | F97: 0.94 | G97: 0.45 | H97: 0.75 | I97: 0.5835 | J97: 0.3257 | K97: 0.5782 | L97: 4 | M97: =Z97-W97 -> 0.175416 | N97: =IFERROR((Z97-J97)/L97,"") -> 0.063129 | O97: 14 | P97: =FALSE() -> FALSE | Q97: Inferred | R97: 0.8493 | S97: 0.5376 | T97: 0.038 | U97: 0.5275 | V97: 0.3282 | W97: 0.4028 | X97: 0.7796 | Y97: 0.5861 | Z97: =Assumptions!$B$3*R97+Assumptions!$B$4*S97+IF(AA97=1,Assumptions!$B$11,Assumptions!$B$5)*X97+IF(AA97=1,Assumptions!$B$12,Assumptions!$B$6)*T97+Assumptions!$B$7*U97+Assumptions!$B$8*V97+Assumptions!$B$9*Y97 -> 0.578216 | AA97: 0
A98: Wo-Chien | B98: 570 | C98: =IF(M98>=Assumptions!$B$17,"S+",IF(M98>=Assumptions!$B$18,"S",IF(M98>=Assumptions!$B$19,"A",IF(M98>=Assumptions!$B$20,"B",IF(M98>=Assumptions!$B$21,"C",IF(M98>=Assumptions!$B$22,"D","F")))))) -> A | D98: weather_terrain_setter | E98: 7 | F98: 0.6807 | G98: 0.6 | H98: 0.75 | I98: 0.6421 | J98: 0.3689 | K98: 0.5842 | L98: 4 | M98: =Z98-W98 -> 0.174646 | N98: =IFERROR((Z98-J98)/L98,"") -> 0.0538365 | O98: 13 | P98: =FALSE() -> FALSE | Q98: Inferred | R98: 0.6923 | S98: 0.645 | T98: 0.1257 | U98: 0.4734 | V98: 0.4114 | W98: 0.4096 | X98: 0.8645 | Y98: 0.615 | Z98: =Assumptions!$B$3*R98+Assumptions!$B$4*S98+IF(AA98=1,Assumptions!$B$11,Assumptions!$B$5)*X98+IF(AA98=1,Assumptions!$B$12,Assumptions!$B$6)*T98+Assumptions!$B$7*U98+Assumptions!$B$8*V98+Assumptions!$B$9*Y98 -> 0.584246 | AA98: 0
A99: Slowking-Galar | B99: 490 | C99: =IF(M99>=Assumptions!$B$17,"S+",IF(M99>=Assumptions!$B$18,"S",IF(M99>=Assumptions!$B$19,"A",IF(M99>=Assumptions!$B$20,"B",IF(M99>=Assumptions!$B$21,"C",IF(M99>=Assumptions!$B$22,"D","F")))))) -> A | D99: bulky_pivot | E99: 6 | F99: 0.8326 | G99: 0.85 | H99: 0.4692 | I99: 0.7695 | J99: 0.5127 | K99: 0.6641 | L99: 6 | M99: =Z99-W99 -> 0.174286 | N99: =IFERROR((Z99-J99)/L99,"") -> 0.025231 | O99: 14 | P99: =FALSE() -> FALSE | Q99: Inferred | R99: 0.7709 | S99: 0.6776 | T99: 0.0558 | U99: 0.3846 | V99: 0.4856 | W99: 0.4898 | X99: 0.7936 | Y99: 0.7744 | Z99: =Assumptions!$B$3*R99+Assumptions!$B$4*S99+IF(AA99=1,Assumptions!$B$11,Assumptions!$B$5)*X99+IF(AA99=1,Assumptions!$B$12,Assumptions!$B$6)*T99+Assumptions!$B$7*U99+Assumptions!$B$8*V99+Assumptions!$B$9*Y99 -> 0.664086 | AA99: 1
A100: Raging Bolt | B100: 590 | C100: =IF(M100>=Assumptions!$B$17,"S+",IF(M100>=Assumptions!$B$18,"S",IF(M100>=Assumptions!$B$19,"A",IF(M100>=Assumptions!$B$20,"B",IF(M100>=Assumptions!$B$21,"C",IF(M100>=Assumptions!$B$22,"D","F")))))) -> A | D100: special_sweeper | E100: 1 | F100: 0.7501 | G100: 0.8 | H100: 0.75 | I100: 0.771 | J100: 0.4336 | K100: 0.652 | L100: 3.61 | M100: =Z100-W100 -> 0.173963 | N100: =IFERROR((Z100-J100)/L100,"") -> 0.060488366 | O100: 19 | P100: =FALSE() -> FALSE | Q100: Inferred | R100: 0.8338 | S100: 0.7383 | T100: 0.4174 | U100: 0.4413 | V100: 0.4976 | W100: 0.478 | X100: 0.6696 | Y100: 0.6834 | Z100: =Assumptions!$B$3*R100+Assumptions!$B$4*S100+IF(AA100=1,Assumptions!$B$11,Assumptions!$B$5)*X100+IF(AA100=1,Assumptions!$B$12,Assumptions!$B$6)*T100+Assumptions!$B$7*U100+Assumptions!$B$8*V100+Assumptions!$B$9*Y100 -> 0.651963 | AA100: 0
A101: Keldeo-Ordinary | B101: 580 | C101: =IF(M101>=Assumptions!$B$17,"S+",IF(M101>=Assumptions!$B$18,"S",IF(M101>=Assumptions!$B$19,"A",IF(M101>=Assumptions!$B$20,"B",IF(M101>=Assumptions!$B$21,"C",IF(M101>=Assumptions!$B$22,"D","F")))))) -> A | D101: special_sweeper | E101: 9 | F101: 0.898 | G101: 1 | H101: 0.75 | I101: 0.9112 | J101: 0.4102 | K101: 0.6593 | L101: 5 | M101: =Z101-W101 -> 0.173198 | N101: =IFERROR((Z101-J101)/L101,"") -> 0.0498196 | O101: 11 | P101: =TRUE() -> TRUE | Q101: Inferred | R101: 0.8549 | S101: 0.5653 | T101: 0.327 | U101: 0.5385 | V101: 0.4491 | W101: 0.4861 | X101: 0.7408 | Y101: 0.9121 | Z101: =Assumptions!$B$3*R101+Assumptions!$B$4*S101+IF(AA101=1,Assumptions!$B$11,Assumptions!$B$5)*X101+IF(AA101=1,Assumptions!$B$12,Assumptions!$B$6)*T101+Assumptions!$B$7*U101+Assumptions!$B$8*V101+Assumptions!$B$9*Y101 -> 0.659298 | AA101: 0
A102: Cobalion | B102: 580 | C102: =IF(M102>=Assumptions!$B$17,"S+",IF(M102>=Assumptions!$B$18,"S",IF(M102>=Assumptions!$B$19,"A",IF(M102>=Assumptions!$B$20,"B",IF(M102>=Assumptions!$B$21,"C",IF(M102>=Assumptions!$B$22,"D","F")))))) -> A | D102: special_sweeper | E102: 9 | F102: 0.6984 | G102: 0.8 | H102: 0.75 | I102: 0.7514 | J102: 0.3978 | K102: 0.659 | L102: 5 | M102: =Z102-W102 -> 0.172965 | N102: =IFERROR((Z102-J102)/L102,"") -> 0.052253 | O102: 11 | P102: =TRUE() -> TRUE | Q102: Inferred | R102: 0.8654 | S102: 0.5434 | T102: 0.4027 | U102: 0.5105 | V102: 0.5151 | W102: 0.4861 | X102: 0.7576 | Y102: 0.753 | Z102: =Assumptions!$B$3*R102+Assumptions!$B$4*S102+IF(AA102=1,Assumptions!$B$11,Assumptions!$B$5)*X102+IF(AA102=1,Assumptions!$B$12,Assumptions!$B$6)*T102+Assumptions!$B$7*U102+Assumptions!$B$8*V102+Assumptions!$B$9*Y102 -> 0.659065 | AA102: 0
A103: Torterra-Mega | B103: 625 | C103: =IF(M103>=Assumptions!$B$17,"S+",IF(M103>=Assumptions!$B$18,"S",IF(M103>=Assumptions!$B$19,"A",IF(M103>=Assumptions!$B$20,"B",IF(M103>=Assumptions!$B$21,"C",IF(M103>=Assumptions!$B$22,"D","F")))))) -> A | D103: physical_wallbreaker | E103: 12 | F103: 0.8998 | G103: 0.6 | H103: 0.75 | I103: 0.7259 | J103: 0.5156 | K103: 0.6792 | L103: 4 | M103: =Z103-W103 -> 0.172938 | N103: =IFERROR((Z103-J103)/L103,"") -> 0.0408845 | O103: 8 | P103: =FALSE() -> FALSE | Q103: Inferred | R103: 0.8834 | S103: 0.7104 | T103: 0.0833 | U103: 0.6058 | V103: 0.421 | W103: 0.5062 | X103: 0.9583 | Y103: 0.7268 | Z103: =Assumptions!$B$3*R103+Assumptions!$B$4*S103+IF(AA103=1,Assumptions!$B$11,Assumptions!$B$5)*X103+IF(AA103=1,Assumptions!$B$12,Assumptions!$B$6)*T103+Assumptions!$B$7*U103+Assumptions!$B$8*V103+Assumptions!$B$9*Y103 -> 0.679138 | AA103: 0
A104: Manaphy | B104: 600 | C104: =IF(M104>=Assumptions!$B$17,"S+",IF(M104>=Assumptions!$B$18,"S",IF(M104>=Assumptions!$B$19,"A",IF(M104>=Assumptions!$B$20,"B",IF(M104>=Assumptions!$B$21,"C",IF(M104>=Assumptions!$B$22,"D","F")))))) -> A | D104: special_sweeper | E104: 7 | F104: 0.6992 | G104: 0.4 | H104: 0.75 | I104: 0.5837 | J104: 0.3731 | K104: 0.6593 | L104: 4 | M104: =Z104-W104 -> 0.17281 | N104: =IFERROR((Z104-J104)/L104,"") -> 0.0715525 | O104: 13 | P104: =FALSE() -> FALSE | Q104: Inferred | R104: 0.7691 | S104: 0.7215 | T104: 0.3537 | U104: 0.4556 | V104: 0.4981 | W104: 0.4865 | X104: 0.9359 | Y104: 0.5858 | Z104: =Assumptions!$B$3*R104+Assumptions!$B$4*S104+IF(AA104=1,Assumptions!$B$11,Assumptions!$B$5)*X104+IF(AA104=1,Assumptions!$B$12,Assumptions!$B$6)*T104+Assumptions!$B$7*U104+Assumptions!$B$8*V104+Assumptions!$B$9*Y104 -> 0.65931 | AA104: 0
A105: Flygon | B105: 560 | C105: =IF(M105>=Assumptions!$B$17,"S+",IF(M105>=Assumptions!$B$18,"S",IF(M105>=Assumptions!$B$19,"A",IF(M105>=Assumptions!$B$20,"B",IF(M105>=Assumptions!$B$21,"C",IF(M105>=Assumptions!$B$22,"D","F")))))) -> A | D105: mixed_attacker | E105: 7 | F105: 0.7145 | G105: 1 | H105: 0.75 | I105: 0.8586 | J105: 0.4091 | K105: 0.6366 | L105: 5 | M105: =Z105-W105 -> 0.17251 | N105: =IFERROR((Z105-J105)/L105,"") -> 0.045502 | O105: 13 | P105: =FALSE() -> FALSE | Q105: Inferred | R105: 0.8525 | S105: 0.5533 | T105: 0.3793 | U105: 0.6568 | V105: 0.4661 | W105: 0.4641 | X105: 0.5208 | Y105: 0.8617 | Z105: =Assumptions!$B$3*R105+Assumptions!$B$4*S105+IF(AA105=1,Assumptions!$B$11,Assumptions!$B$5)*X105+IF(AA105=1,Assumptions!$B$12,Assumptions!$B$6)*T105+Assumptions!$B$7*U105+Assumptions!$B$8*V105+Assumptions!$B$9*Y105 -> 0.63661 | AA105: 0
...

Sheet Validation
A1: phase | B1: check | C1: result | D1: severity | E1: affected | F1: effect
A2: 4 | B2: Checkpoint ladder monotonic, 15->85 | C2: 19 checkpoints, strictly increasing | D2: — | E2: 0 | F2: pass
A3: 4 | B3: Level cap ladder | C3: 19 of 19 MEASURED from Boss_Battles.xlsx!Main | D3: — | E3: 0 | F3: supersedes the reconstruction, which was right on 18 of 19
A4: 4 | B4: Reconstructed vs measured caps | C4: 18 of 19 exact; cp09 was 53, is 56 | D4: Material | E4: 1 | F4: cp09 pool 1255->1257; all cp09 scores re-run
A5: 4 | B5: Boss_Battles sheets vs Phase 3 parse | C5: 695 source Ability: lines vs 678 parsed slots | D5: — | E5: 0 | F5: the 17-row gap is exactly the 17 mega post-transformation ability lines, folded into mega_ability. Nothing missing
A6: 4 | B6: RUN_CONFIG anchor counts re-measured | C6: 695/45/9/576/39 all match exactly | D6: — | E6: 0 | F6: source file identical to what Phase 3 read
A7: 4 | B7: Battle_Rewards.xlsx vs 02_world | C7: 17 of 17 rows present with matching locations | D7: — | E7: 0 | F7: supersede claim was correct; reward_trainer column added
A8: 4 | B8: Checkpoints with no boss roster | C8: 1 (cp09 Pre-TrickHouse) | D8: Material | E8: 1 | F8: the checkpoint IS the Trick House, so its 46 sheet slots are the correct threat pool; downgraded from Unresolved
A9: 4 | B9: Damage engine vs independent hand implementation | C9: 14/14 exact match on rolls, stats and max HP | D9: — | E9: 0 | F9: discrepancy rate 0.0%
A10: 4 | B10: Scoring run errors | C10: 0 of 42,026 rows | D10: — | E10: 0 | F10: pass
A11: 4 | B11: BST correlation BEFORE rebalance (validation 1) | C11: floor 0.705 / ceiling 0.745 | D11: Material | E11: 0 | F11: FAILED the ~0.7 threshold; framework rebalanced
A12: 4 | B12: v2 SUSTAIN axis: raw sweep depth vs BST | C12: r=0.809 — REJECTED as a stat proxy | D12: Material | E12: 0 | F12: replaced by the kit delta (with-kit minus no-kit), r=0.463 at row level; zero for the 27% of rows with no sustain kit
A13: 4 | B13: v2: mean VORP vs BST, like-for-like | C13: v1 r=0.841 -> v2 r=0.785 | D13: — | E13: 0 | F13: moved the right way
... A28: 4 | B28: Tier robustness at the thresholds | C28: see tier_fragile column | D28: Material | E28: 0 | F28: Metagross-Mega, Crobat and Wyrdeer sit within 1.2e-4 of a tier edge; their tier flips between the two equally valid ways of averaging VORP and should not be read as settled

Sheet Integrity
B1: DATA INTEGRITY LOG — Phase 4
B3: CORRECTIONS TO MY OWN WORK (each would have silently poisoned results):
B4: 1. imperium_layer.json exports the Defense base stat as 'df' (the fork's internal compressed key). The public Specie interface requires 'def'. Unremapped, baseStats.def is undefined and every physical calc returns NaN rather than erroring. Remapped with a guard that throws.
B5: 2. layer['items'] is an ALPHABETICALLY SORTED name list, not an id-indexed array. Using items[param] for EVO_ITEM resolved id 211 to 'Fire Gem' instead of 'Fire Stone'. The authoritative source is 02_world.internal_id.
B6: 3. 02_world.internal_id is POLYMORPHIC BY entity_type: TM and HM rows store the MOVE id, not an item id. 28 ids collide with real items — 211 is Fire Stone as an item and Steel Wing as a TM. TM/HM rows excluded from the item map; all nine evolution stones then resolve correctly.
B7: 4. Species were joined layer<->TSV on species_name, which collapsed every alternate form onto its base ('Venusaur' base and 'Venusaur' Mega are two rows with one name) and silently dropped 510 of 1,534 movepools. internal_index is an exact 1:1 join across all 1,534 rows; switched.
B8: 5. An earlier draft asserted Imperium's move table had no healing field and fell back to a curated recovery name list. It DOES carry flags.healing (36 moves). Recovery gates three wall archetypes, so this mattered. The flag also marks DRAIN moves, which heal off damage dealt and must not qualify a wall; split into 15 reliable recovery and 13 drain.
B10: FRAMEWORK FAILURE AND REBALANCE:
B11: 6. primary_niche_fit vs BST came out r=0.745 (ceiling) / 0.705 (floor), ABOVE the ~0.7 threshold in archetypes.md — the scoring was a BST proxy. Two fixes: toolkit scoring restricted to role-relevant tools (breadth is itself a BST proxy), and a stat-SHAPE term blended in so a 480-BST species with 130 Atk reads as more sweeper-shaped than a flat 600. After: r=0.476 / 0.365.
B13: DATA GAPS CARRIED, NOT SMOOTHED:
B14: 7. RESOLVED. The level-cap ladder is now MEASURED from Boss_Battles.xlsx!Main, supplied after the first Phase 4 pass. The earlier reconstruction agreed on 18 of 19 caps; cp09 Pre-Trick House was interpolated at 53 and is actually 56. Checkpoint 19 is labelled Pre-Champion, not Pre-Elite4.
B15: 8. WHY THE LADDER WENT MISSING: the Phase 1/2 README declared Boss_Battles.xlsx superseded because its content appeared verbatim inside General_Documents___Locations.xlsx, on a check of 'content-row counts identical across all 11 boss sheets'. The workbook has TWELVE sheets. The twelfth is Main, and Main carries the ladder. A supersede check that enumerates only the sheets it already knows about cannot detect one it does not. The rule this changes: compare SHEET COUNTS before comparing row counts within sheets.
... B28: 18. Volbeat's 145-171% Bug Buzz on Lokix looked wrong and is correct: Imperium's Bug->Dark is 2.0 and the hand formula reproduces 132-156 exactly.

Sheet Charts
A1: Tier | B1: Species
A2: S+ | B2: 9
A3: S | B3: 39
A4: A | B4: 100
A5: B | B5: 190
A6: C | B6: 286
A7: D | B7: 268
A8: F | B8: 419
A11: Checkpoint | B11: Obtainable pool | C11: TMs available | D11: Level cap
A12: 1 | B12: 423 | C12: 3 | D12: 15
A13: 2 | B13: 556 | C13: 7 | D13: 20
A14: 3 | B14: 705 | C14: 17 | D14: 25
A15: 4 | B15: 869 | C15: 20 | D15: 30
A16: 5 | B16: 883 | C16: 38 | D16: 32
A17: 6 | B17: 964 | C17: 74 | D17: 34
A18: 7 | B18: 1211 | C18: 90 | D18: 44
A19: 8 | B19: 1221 | C19: 101 | D19: 47
A20: 9 | B20: 1257 | C20: 135 | D20: 56
A21: 10 | B21: 1259 | C21: 135 | D21: 59
A22: 11 | B22: 1266 | C22: 145 | D22: 64
A23: 12 | B23: 1272 | C23: 149 | D23: 68
... A30: 19 | B30: 1311 | C30: 174 | D30: 85
A34: BST | B34: primary_niche_fit
A35: 510 | B35: 0.8084
A36: 525 | B36: 0.5581
A37: 509 | B37: 0.7012
A38: 420 | B38: 0.6462
A39: 525 | B39: 0.7941
A40: 210 | B40: 0.5948
A41: 290 | B41: 0.607
A42: 460 | B42: 0.6881
A43: 341 | B43: 0.6383
A44: 314 | B44: 0.5716
A45: 270 | B45: 0.5072
A46: 534 | B46: 0.7257
... A434: 600 | B434: 0.7106
